Player,Pos,Age,Tm,G,GS,MP,FG,FGA,FG%,3P,3PA,3P%,2P,2PA,2P%,eFG%,FT,FTA,FT%,ORB,DRB,TRB,AST,STL,BLK,TOV,PF,PTS
Precious Achiuwa,C,24,TOR,9,0,19.8,3.1,6.9,.452,0.4,1.9,.235,2.7,5.0,.533,.484,0.8,1.2,.636,1.9,4.6,6.4,2.2,0.4,0.3,1.4,2.0,7.4
Bam Adebayo,C,26,MIA,13,13,34.4,8.3,15.5,.537,0.1,0.2,.500,8.2,15.3,.538,.540,6.2,7.5,.825,2.2,8.0,10.2,4.1,1.3,1.1,2.7,2.4,22.8
Ochai Agbaji,SG,23,UTA,14,6,19.0,1.6,4.1,.397,0.9,2.5,.371,0.7,1.6,.435,.509,0.1,0.3,.500,1.0,1.9,2.9,0.9,0.4,0.8,0.6,1.6,4.4
Santi Aldama,PF,23,MEM,7,1,25.7,5.9,12.9,.456,2.1,5.7,.375,3.7,7.1,.520,.539,0.9,1.7,.500,1.3,5.1,6.4,2.6,0.7,0.7,1.7,1.4,14.7
Nickeil Alexander-Walker,SG,25,MIN,13,2,20.8,2.2,5.2,.426,1.2,3.3,.372,1.0,1.9,.520,.544,0.2,0.5,.333,0.2,1.7,1.8,2.5,0.8,0.8,0.9,1.5,5.8
Grayson Allen,SG,28,PHO,14,14,32.1,4.3,8.7,.492,2.5,5.1,.486,1.8,3.6,.500,.635,0.9,1.0,.929,0.9,3.9,4.8,2.9,0.6,0.4,1.6,2.3,12.0
Jarrett Allen,C,25,CLE,9,9,27.9,5.0,8.0,.625,0.0,0.0,,5.0,8.0,.625,.625,3.6,4.8,.744,3.1,4.7,7.8,2.2,0.4,1.2,1.8,2.4,13.6
Jose Alvarado,PG,25,NOP,1,0,15.0,2.0,5.0,.400,1.0,3.0,.333,1.0,2.0,.500,.500,0.0,0.0,,0.0,0.0,0.0,3.0,0.0,0.0,2.0,0.0,5.0
Kyle Anderson,PF,30,MIN,13,0,24.8,3.1,5.5,.556,0.2,0.8,.200,2.9,4.8,.613,.569,1.3,2.1,.630,0.7,3.0,3.7,4.2,1.1,0.9,1.8,1.5,7.6
Giannis Antetokounmpo,PF,29,MIL,13,13,32.7,11.8,19.1,.621,0.5,2.1,.259,11.3,17.0,.665,.635,6.0,9.7,.619,2.4,7.8,10.2,4.6,1.0,1.2,4.2,3.0,30.2
Thanasis Antetokounmpo,PF,31,MIL,6,0,6.7,0.5,1.3,.375,0.0,0.0,,0.5,1.3,.375,.375,0.0,0.0,,0.3,0.0,0.3,0.7,0.2,0.2,0.7,1.2,1.0
Cole Anthony,PG,23,ORL,14,0,25.1,4.2,10.1,.415,1.4,4.0,.357,2.8,6.1,.453,.486,3.6,4.3,.850,1.0,3.6,4.6,3.6,0.6,0.3,2.4,2.7,13.5
OG Anunoby,SF,26,TOR,10,10,30.8,5.6,11.7,.479,2.6,6.7,.388,3.0,5.0,.600,.590,1.3,2.1,.619,0.6,3.2,3.8,2.1,1.2,0.8,1.8,2.1,15.1
Ryan Arcidiacono,PG,29,NYK,5,0,2.2,0.0,0.2,.000,0.0,0.2,.000,0.0,0.0,,.000,0.0,0.0,,0.0,0.4,0.4,0.0,0.0,0.0,0.0,0.0,0.0
Deni Avdija,SF,23,WAS,13,13,27.5,5.1,9.5,.532,1.2,3.0,.410,3.8,6.5,.588,.597,1.3,1.7,.773,1.3,4.2,5.5,3.6,1.2,0.4,1.5,2.6,12.7
Deandre Ayton,C,25,POR,14,14,31.4,6.1,10.6,.574,0.0,0.0,,6.1,10.6,.574,.574,0.5,0.6,.778,3.3,7.5,10.8,1.6,1.4,0.8,2.0,2.6,12.6
Udoka Azubuike,C,24,PHO,2,0,4.5,0.5,0.5,1.000,0.0,0.0,,0.5,0.5,1.000,1.000,0.0,0.0,,0.0,2.0,2.0,0.0,0.0,0.0,0.0,0.5,1.0
Marvin Bagley III,C,24,DET,15,5,19.5,4.3,7.3,.591,0.1,0.3,.200,4.3,7.0,.610,.595,2.5,2.8,.905,1.8,3.3,5.1,1.3,0.1,0.5,1.3,1.7,11.3
Amari Bailey,PG,19,CHO,1,0,3.0,1.0,3.0,.333,0.0,0.0,,1.0,3.0,.333,.333,0.0,0.0,,2.0,0.0,2.0,0.0,0.0,0.0,0.0,0.0,2.0
Patrick Baldwin Jr.,SF,21,WAS,3,0,3.7,0.0,0.7,.000,0.0,0.3,.000,0.0,0.3,.000,.000,0.0,0.0,,0.0,0.3,0.3,0.3,0.0,0.0,0.0,0.3,0.0
LaMelo Ball,PG,22,CHO,13,13,34.4,8.9,20.1,.444,3.5,8.8,.391,5.5,11.2,.486,.531,4.0,4.6,.867,1.6,4.0,5.6,8.3,1.5,0.3,4.2,3.8,25.3
Mo Bamba,C,25,PHI,5,0,2.4,0.4,0.8,.500,0.0,0.0,,0.4,0.8,.500,.500,0.6,0.6,1.000,0.4,0.8,1.2,0.0,0.2,0.4,0.6,0.6,1.4
Paolo Banchero,PF,21,ORL,14,14,33.1,6.8,14.4,.470,1.1,2.8,.410,5.6,11.6,.485,.510,4.4,6.6,.667,1.4,5.2,6.6,4.4,1.2,0.6,3.4,2.3,19.1
Desmond Bane,SG,25,MEM,13,13,34.8,9.4,20.6,.455,3.6,9.6,.376,5.8,11.0,.524,.543,3.5,4.0,.865,0.9,3.4,4.3,4.8,1.4,0.8,2.5,3.1,25.8
Dalano Banton,PG,24,BOS,5,0,7.2,1.2,2.6,.462,0.0,0.6,.000,1.2,2.0,.600,.462,0.6,0.6,1.000,0.8,1.4,2.2,0.4,0.4,0.0,0.2,1.0,3.0
Dominick Barlow,PF,20,SAS,5,0,4.6,0.4,1.0,.400,0.0,0.0,,0.4,1.0,.400,.400,0.4,0.8,.500,0.0,0.6,0.6,0.0,0.0,0.0,0.0,0.2,1.2
Harrison Barnes,PF,31,SAC,13,13,30.7,3.8,8.3,.454,1.8,4.9,.359,2.0,3.4,.591,.560,2.2,2.7,.800,0.7,2.3,3.0,1.5,0.8,0.1,0.8,1.1,11.5
Scottie Barnes,SG,22,TOR,14,14,34.3,7.4,15.6,.477,1.9,5.0,.386,5.5,10.6,.520,.539,2.9,3.8,.755,2.5,6.4,8.9,5.9,1.6,1.4,2.6,2.1,19.6
RJ Barrett,SG,23,NYK,9,9,29.6,7.1,15.7,.454,2.7,5.4,.490,4.4,10.2,.435,.539,3.9,4.7,.833,0.7,3.1,3.8,2.9,0.7,0.2,2.2,1.4,20.8
Charles Bassey,C,23,SAS,14,0,11.2,1.6,2.2,.710,0.0,0.1,.000,1.6,2.1,.733,.710,0.1,0.2,.667,1.4,2.8,4.1,1.0,0.6,0.7,0.7,1.5,3.3
Emoni Bates,SF,20,CLE,6,0,6.2,0.5,1.7,.300,0.3,1.2,.286,0.2,0.5,.333,.400,0.2,0.3,.500,0.2,1.2,1.3,0.2,0.0,0.2,0.2,0.2,1.5
Keita Bates-Diop,SF,28,PHO,11,4,20.1,2.1,4.9,.426,0.6,2.0,.318,1.5,2.9,.500,.491,0.9,1.4,.667,1.1,2.3,3.4,1.0,0.6,1.0,0.1,1.4,5.7
Nicolas Batum,PF,35,TOT,9,3,23.1,1.8,3.2,.552,1.3,2.8,.480,0.4,0.4,1.000,.759,0.0,0.0,,0.6,2.8,3.3,1.6,0.7,0.9,0.4,2.3,4.9
Nicolas Batum,PF,35,LAC,3,0,18.0,1.0,2.7,.375,0.7,2.3,.286,0.3,0.3,1.000,.500,0.0,0.0,,0.0,2.3,2.3,1.7,1.0,1.3,0.3,1.7,2.7
Nicolas Batum,PF,35,PHI,6,3,25.7,2.2,3.5,.619,1.7,3.0,.556,0.5,0.5,1.000,.857,0.0,0.0,,0.8,3.0,3.8,1.5,0.5,0.7,0.5,2.7,6.0
Bradley Beal,SG,30,PHO,3,3,28.7,6.0,15.3,.391,1.7,5.0,.333,4.3,10.3,.419,.446,3.7,5.3,.688,1.0,4.3,5.3,3.7,0.7,0.3,3.0,3.0,17.3
Malik Beasley,SG,27,MIL,14,14,27.1,3.9,7.9,.495,2.7,5.8,.469,1.2,2.1,.567,.667,0.6,0.9,.667,0.4,3.4,3.8,1.4,0.9,0.0,0.6,2.1,11.1
MarJon Beauchamp,SF,23,MIL,10,0,16.7,2.6,5.1,.510,1.1,2.5,.440,1.5,2.6,.577,.618,0.5,0.8,.625,0.8,1.5,2.3,1.0,0.3,0.1,0.7,1.7,6.8
Dāvis Bertāns,PF,31,OKC,4,0,9.0,0.5,2.5,.200,0.5,2.5,.200,0.0,0.0,,.300,1.5,1.5,1.000,0.0,0.8,0.8,0.8,0.3,0.3,0.0,0.8,3.0
Patrick Beverley,PG,35,PHI,14,0,16.0,0.9,2.6,.324,0.1,1.3,.111,0.7,1.4,.526,.351,0.2,0.4,.600,0.9,2.1,3.0,1.8,0.5,0.4,0.5,2.1,2.1
Saddiq Bey,SF,24,ATL,13,3,28.2,4.5,8.9,.500,1.8,4.5,.390,2.7,4.4,.614,.599,1.5,2.0,.769,1.9,3.8,5.8,1.2,1.0,0.2,1.4,1.2,12.2
Goga Bitadze,C,24,ORL,12,9,18.8,2.6,4.5,.574,0.0,0.3,.000,2.6,4.3,.608,.574,1.8,2.6,.677,2.2,3.4,5.6,1.5,1.0,1.7,0.5,2.2,6.9
Onuralp Bitim,SG,24,CHI,1,0,3.0,0.0,0.0,,0.0,0.0,,0.0,0.0,,,0.0,0.0,,0.0,0.0,0.0,0.0,0.0,0.0,0.0,0.0,0.0
Bismack Biyombo,C,31,MEM,8,7,24.3,3.1,5.3,.595,0.0,0.0,,3.1,5.3,.595,.595,1.4,2.3,.611,4.0,4.4,8.4,1.9,0.4,1.0,0.6,3.5,7.6
Anthony Black,PG,20,ORL,12,8,19.8,2.1,4.3,.481,0.4,1.7,.250,1.7,2.7,.625,.529,1.0,1.5,.667,0.8,1.6,2.4,1.3,0.4,0.4,1.0,2.1,5.6
Leaky Black,SF,24,CHO,3,0,4.0,0.7,1.7,.400,0.3,0.7,.500,0.3,1.0,.333,.500,0.0,0.0,,0.0,0.7,0.7,0.3,0.0,0.7,0.0,0.3,1.7
Bogdan Bogdanović,SG,31,ATL,13,1,26.0,5.6,12.4,.453,2.8,8.0,.356,2.8,4.4,.632,.568,1.4,1.5,.947,0.3,2.3,2.6,2.8,1.5,0.4,1.2,2.2,15.5
Bol Bol,PF,24,PHO,3,0,2.3,0.3,0.3,1.000,0.0,0.0,,0.3,0.3,1.000,1.000,0.0,0.0,,0.0,0.3,0.3,0.0,0.0,0.3,0.7,0.0,0.7
Marques Bolden,C,25,MIL,1,0,3.0,0.0,0.0,,0.0,0.0,,0.0,0.0,,,0.0,0.0,,0.0,2.0,2.0,0.0,0.0,0.0,0.0,1.0,0.0
Devin Booker,SG,27,PHO,6,6,33.8,9.8,19.7,.500,2.3,5.8,.400,7.5,13.8,.542,.559,6.7,7.0,.952,0.7,4.5,5.2,9.2,0.3,0.3,3.0,3.2,28.7
Chris Boucher,PF,31,TOR,12,0,16.9,2.3,5.1,.459,0.8,1.9,.435,1.5,3.2,.474,.541,1.7,2.1,.800,1.5,3.6,5.1,0.5,0.3,0.8,0.5,2.4,7.2
Jamaree Bouyea,PG,24,POR,6,0,9.5,0.8,3.5,.238,0.0,1.3,.000,0.8,2.2,.385,.238,0.0,0.0,,0.3,1.3,1.7,1.3,0.0,0.0,1.3,0.5,1.7
Malaki Branham,SG,20,SAS,14,3,20.6,3.6,8.4,.436,0.9,3.1,.295,2.7,5.2,.521,.491,0.6,0.6,.889,0.1,1.1,1.3,2.4,0.4,0.1,1.1,1.3,8.8
Christian Braun,SG,22,DEN,14,0,21.1,3.7,7.6,.491,0.7,1.9,.385,3.0,5.7,.525,.538,1.3,1.9,.667,1.0,3.4,4.4,2.0,0.4,0.3,0.6,1.5,9.4
Mikal Bridges,SF,27,BRK,13,13,34.0,7.5,16.2,.464,1.9,6.2,.313,5.6,10.1,.557,.524,3.3,3.9,.843,1.2,4.6,5.8,3.8,1.1,0.4,2.5,1.8,20.3
Miles Bridges,SF,25,CHO,3,1,36.7,5.7,12.7,.447,1.7,4.3,.385,4.0,8.3,.480,.513,3.7,4.0,.917,0.0,8.0,8.0,4.0,1.3,0.3,1.3,1.3,16.7
Oshae Brissett,SF,25,BOS,7,0,12.0,0.4,2.4,.176,0.1,1.3,.111,0.3,1.1,.250,.206,1.0,1.4,.700,1.1,1.9,3.0,0.4,0.6,0.0,0.3,1.0,2.0
Malcolm Brogdon,PG,31,POR,9,4,27.4,6.1,15.0,.407,2.2,5.8,.385,3.9,9.2,.422,.481,3.0,3.8,.794,1.0,3.3,4.3,5.4,0.7,0.0,1.7,1.4,17.4
Armoni Brooks,PG,25,BRK,3,0,12.0,2.0,4.0,.500,1.7,3.0,.556,0.3,1.0,.333,.708,0.0,0.0,,0.3,1.7,2.0,0.0,0.0,0.0,0.3,0.0,5.7
Dillon Brooks,SF,28,HOU,12,12,31.8,5.0,9.8,.508,2.0,4.0,.500,3.0,5.8,.514,.610,1.9,2.3,.821,0.7,3.3,3.9,1.9,1.3,0.1,1.8,3.9,13.9
Bruce Brown,SG,27,IND,13,13,30.7,4.3,9.2,.467,1.5,3.8,.388,2.8,5.5,.521,.546,1.3,1.5,.850,0.6,3.6,4.2,2.6,1.0,0.4,1.0,2.2,11.4
Jaylen Brown,SF,27,BOS,13,13,33.8,8.0,17.8,.448,2.5,7.2,.340,5.5,10.6,.522,.517,2.8,3.9,.725,0.5,4.5,5.0,3.2,1.0,0.5,2.5,2.9,21.3
Kobe Brown,PF,24,LAC,6,0,8.7,1.2,2.3,.500,0.5,1.3,.375,0.7,1.0,.667,.607,0.0,0.0,,0.3,1.0,1.3,0.3,0.2,0.2,0.2,1.3,2.8
Moses Brown,C,24,POR,3,0,4.7,1.0,1.7,.600,0.0,0.0,,1.0,1.7,.600,.600,0.0,0.7,.000,1.3,0.3,1.7,0.3,0.3,0.3,0.0,0.3,2.0
Troy Brown Jr.,SF,24,MIN,9,0,8.3,0.4,2.0,.222,0.1,1.1,.100,0.3,0.9,.375,.250,1.3,1.3,1.000,0.4,1.9,2.3,0.7,0.3,0.0,0.3,0.4,2.3
Jalen Brunson,PG,27,NYK,14,14,35.2,8.4,19.1,.438,3.2,6.7,.479,5.1,12.4,.416,.522,4.3,4.9,.870,0.7,2.7,3.4,5.1,0.8,0.0,2.0,1.9,24.2
Thomas Bryant,C,26,MIA,10,1,12.5,2.1,4.0,.525,0.0,0.2,.000,2.1,3.8,.553,.525,1.0,1.3,.769,1.1,2.6,3.7,0.6,0.4,0.3,1.0,1.2,5.2
Kobe Bufkin,SG,20,ATL,2,0,2.0,0.0,1.5,.000,0.0,0.5,.000,0.0,1.0,.000,.000,0.5,1.0,.500,0.5,0.5,1.0,0.0,0.0,0.0,0.0,0.0,0.5
Reggie Bullock,SF,32,HOU,6,0,10.0,0.3,1.7,.200,0.3,1.5,.222,0.0,0.2,.000,.300,0.0,0.0,,0.2,1.8,2.0,0.5,0.2,0.2,0.3,0.7,1.0
Alec Burks,SG,32,DET,9,0,23.2,3.6,9.6,.372,2.6,6.3,.404,1.0,3.2,.310,.506,3.6,4.2,.842,0.7,2.4,3.1,2.4,0.4,0.3,0.3,2.0,13.2
Jared Butler,SG,23,WAS,4,0,3.0,0.3,1.0,.250,0.3,0.8,.333,0.0,0.3,.000,.375,0.0,0.0,,0.0,0.0,0.0,0.3,0.0,0.0,0.3,0.0,0.8
Jimmy Butler,PF,34,MIA,12,12,33.4,6.7,14.1,.473,1.1,2.6,.419,5.6,11.5,.486,.512,7.0,8.0,.875,2.2,3.2,5.3,3.7,1.3,0.5,1.8,0.8,21.4
Jamal Cain,PF,24,MIA,3,0,10.0,1.3,3.0,.444,0.0,1.3,.000,1.3,1.7,.800,.444,0.0,0.0,,1.0,1.0,2.0,0.0,1.0,0.0,0.3,0.7,2.7
Kentavious Caldwell-Pope,SG,30,DEN,14,14,33.8,3.6,7.9,.455,1.6,3.9,.426,1.9,4.0,.482,.559,1.4,1.6,.909,0.4,1.5,1.9,2.4,1.6,0.6,1.2,2.2,10.2
Toumani Camara,PF,23,POR,14,5,25.5,2.0,5.5,.364,0.6,2.6,.222,1.4,2.9,.488,.416,1.1,1.6,.696,1.6,2.6,4.3,1.1,0.9,0.6,1.1,2.6,5.7
Clint Capela,C,29,ATL,13,13,24.8,4.4,7.2,.606,0.0,0.0,,4.4,7.2,.606,.606,1.7,2.6,.647,3.8,5.7,9.5,1.0,0.8,1.6,0.7,2.4,10.5
Jevon Carter,PG,28,CHI,15,0,14.4,2.3,5.6,.405,1.5,3.7,.411,0.7,1.9,.393,.542,0.0,0.1,.000,0.1,0.5,0.5,1.1,0.5,0.3,0.7,1.3,6.1
Wendell Carter Jr.,C,24,ORL,5,5,29.4,3.4,9.0,.378,1.0,3.2,.313,2.4,5.8,.414,.433,1.6,2.8,.571,2.2,6.4,8.6,1.6,0.6,0.4,1.6,2.8,9.4
Alex Caruso,SG,29,CHI,13,3,24.2,3.4,5.8,.587,1.6,3.2,.500,1.8,2.5,.697,.727,1.5,1.9,.760,1.3,2.2,3.5,2.4,1.5,0.9,1.2,2.7,9.8
Colin Castleton,C,23,LAL,2,0,9.5,1.0,2.0,.500,0.0,0.0,,1.0,2.0,.500,.500,0.0,0.0,,1.0,0.5,1.5,1.0,0.0,0.0,0.0,2.5,2.0
Malcolm Cazalon,SG,22,DET,1,0,3.0,0.0,0.0,,0.0,0.0,,0.0,0.0,,,0.0,0.0,,0.0,0.0,0.0,0.0,0.0,0.0,0.0,0.0,0.0
Julian Champagnie,SF,22,SAS,9,4,15.0,1.6,5.6,.280,1.0,3.6,.281,0.6,2.0,.278,.370,0.6,0.7,.833,0.3,1.3,1.7,1.0,0.7,0.9,1.0,0.6,4.7
Max Christie,SG,20,LAL,10,0,13.8,1.2,3.8,.316,0.3,1.6,.188,0.9,2.2,.409,.355,0.4,0.5,.800,0.2,2.6,2.8,0.9,0.4,0.2,0.7,1.1,3.1
Sidy Cissoko,SF,19,SAS,1,0,4.0,0.0,0.0,,0.0,0.0,,0.0,0.0,,,0.0,0.0,,0.0,0.0,0.0,0.0,0.0,0.0,1.0,0.0,0.0
Jordan Clarkson,SG,31,UTA,14,14,31.8,6.9,16.4,.424,1.8,5.7,.313,5.1,10.6,.483,.478,3.0,3.6,.840,1.4,1.9,3.4,4.6,1.0,0.1,3.0,1.6,18.6
Nic Claxton,C,24,BRK,5,5,25.0,4.6,7.0,.657,0.0,0.0,,4.6,7.0,.657,.657,1.0,2.0,.500,2.2,6.0,8.2,1.8,0.4,2.6,0.8,2.4,10.2
Amir Coffey,SF,26,LAC,6,0,6.8,0.3,1.5,.222,0.0,0.3,.000,0.3,1.2,.286,.222,0.7,0.7,1.000,0.0,0.5,0.5,0.3,0.0,0.0,0.3,0.3,1.3
John Collins,PF,26,UTA,14,14,31.9,5.6,11.1,.503,1.6,3.7,.442,3.9,7.4,.534,.577,2.1,3.0,.714,2.8,5.8,8.6,0.9,0.7,1.0,1.1,3.5,14.9
Zach Collins,C,26,SAS,14,14,29.7,5.7,10.6,.537,1.1,3.9,.296,4.6,6.8,.674,.591,2.4,3.1,.767,1.9,4.2,6.1,3.7,0.8,0.9,2.8,3.5,14.9
Mike Conley,PG,36,MIN,13,13,28.8,3.8,7.8,.485,1.9,4.6,.417,1.8,3.2,.585,.609,1.1,1.1,1.000,0.6,2.3,2.9,5.1,0.8,0.2,0.8,1.9,10.5
Pat Connaughton,SF,31,MIL,14,0,23.9,2.2,5.3,.419,1.2,3.5,.347,1.0,1.8,.560,.534,0.6,0.7,.800,0.7,2.9,3.6,2.4,0.5,0.1,0.7,1.2,6.2
Bilal Coulibaly,SF,19,WAS,13,1,26.1,3.2,6.1,.519,1.4,3.0,.462,1.8,3.1,.575,.633,0.8,1.4,.556,0.5,3.5,3.9,1.9,1.0,0.8,1.2,1.9,8.5
Robert Covington,SF-PF,33,TOT,14,6,16.9,1.5,3.6,.412,0.6,2.1,.267,0.9,1.5,.619,.490,0.6,0.7,.900,1.2,1.9,3.1,1.0,1.6,0.6,0.3,1.6,4.2
Robert Covington,PF,33,LAC,3,3,23.0,1.0,3.0,.333,0.7,2.7,.250,0.3,0.3,1.000,.444,0.3,0.7,.500,0.7,2.0,2.7,2.3,2.0,0.7,0.0,2.3,3.0
Robert Covington,SF,33,PHI,11,3,15.3,1.6,3.8,.429,0.5,2.0,.273,1.1,1.8,.600,.500,0.7,0.7,1.000,1.4,1.8,3.2,0.6,1.5,0.6,0.4,1.5,4.5
Torrey Craig,SF,33,CHI,15,7,22.3,2.0,5.0,.400,0.7,2.5,.297,1.3,2.5,.500,.473,0.3,0.3,1.000,1.8,3.3,5.1,1.3,0.7,0.3,0.5,2.5,5.1
Jae Crowder,PF,33,MIL,9,2,26.7,2.8,5.2,.532,1.8,3.4,.516,1.0,1.8,.563,.702,0.8,1.3,.583,0.4,3.4,3.9,1.7,0.8,0.3,0.4,1.6,8.1
Cade Cunningham,PG,22,DET,15,15,35.5,7.9,19.6,.405,1.9,6.0,.322,6.0,13.6,.441,.454,3.6,4.1,.871,0.6,3.1,3.7,7.3,0.8,0.3,4.8,3.2,21.4
Seth Curry,SG,33,DAL,10,0,10.1,1.2,2.8,.429,0.4,1.5,.267,0.8,1.3,.615,.500,0.6,0.7,.857,0.3,1.0,1.3,0.8,0.6,0.1,0.4,0.6,3.4
Stephen Curry,PG,35,GSW,13,13,33.2,9.3,19.2,.484,5.5,12.2,.453,3.8,7.0,.538,.628,6.2,6.7,.931,0.8,4.1,4.8,3.6,0.8,0.2,3.6,1.6,30.4
Dyson Daniels,PG,20,NOP,14,7,27.5,3.4,7.2,.465,1.0,3.0,.333,2.4,4.2,.559,.535,0.8,1.4,.579,1.1,3.8,4.9,3.9,1.4,0.4,1.4,2.0,8.5
Anthony Davis,C,30,LAL,14,14,35.2,8.4,15.4,.546,0.2,0.7,.300,8.2,14.7,.558,.553,5.2,6.1,.859,3.2,8.8,12.0,3.4,1.0,3.1,2.2,3.1,22.3
Johnny Davis,SG,21,WAS,8,0,8.9,1.8,3.3,.538,0.1,0.3,.500,1.6,3.0,.542,.558,0.3,0.4,.667,0.4,0.8,1.1,0.4,0.6,0.1,0.3,0.8,3.9
DeMar DeRozan,SF,34,CHI,14,14,35.3,7.4,16.5,.450,0.9,2.4,.382,6.5,14.1,.462,.478,5.2,6.4,.811,1.0,2.2,3.2,4.4,1.0,0.9,1.1,1.9,21.0
Moussa Diabaté,C,22,LAC,7,0,7.0,1.3,2.3,.563,0.0,0.0,,1.3,2.3,.563,.563,0.9,1.1,.750,1.7,0.7,2.4,0.6,0.4,0.0,0.3,0.6,3.4
Gradey Dick,SG,20,TOR,14,1,15.1,1.2,4.5,.270,0.7,2.9,.244,0.5,1.6,.318,.349,0.9,0.9,1.000,0.5,1.0,1.5,1.1,0.3,0.0,0.8,1.6,4.0
Ousmane Dieng,PF,20,OKC,10,0,11.3,1.3,3.4,.382,0.7,2.5,.280,0.6,0.9,.667,.485,0.3,0.4,.750,0.5,1.5,2.0,0.9,0.1,0.0,0.4,0.6,3.6
Spencer Dinwiddie,PG,30,BRK,12,12,28.4,3.9,9.4,.416,2.3,5.9,.380,1.7,3.5,.476,.535,2.2,3.2,.684,0.3,3.2,3.5,5.3,0.3,0.2,1.4,1.4,12.3
Donte DiVincenzo,SG,27,NYK,14,2,21.0,3.1,7.5,.419,1.9,5.1,.380,1.2,2.4,.500,.548,0.6,1.0,.643,1.0,2.1,3.1,2.0,1.0,0.4,1.1,1.6,8.9
Luka Dončić,PG,24,DAL,14,14,34.6,10.4,20.9,.500,4.1,9.6,.422,6.4,11.2,.567,.598,5.6,7.6,.745,0.7,7.3,8.0,8.1,1.1,0.4,4.1,1.6,30.6
Luguentz Dort,SF,24,OKC,14,14,28.6,3.8,7.9,.477,2.0,4.4,.459,1.8,3.6,.500,.604,2.1,2.6,.811,1.1,3.1,4.2,1.1,1.1,0.9,0.9,2.6,11.7
Ayo Dosunmu,SG,24,CHI,13,0,14.8,1.8,3.9,.471,0.7,1.8,.375,1.2,2.1,.556,.559,0.7,0.8,.900,0.5,1.0,1.5,1.2,0.4,0.1,0.5,1.2,5.1
Andre Drummond,C,30,CHI,15,0,13.8,2.5,4.5,.559,0.0,0.1,.000,2.5,4.5,.567,.559,1.1,1.7,.640,2.5,3.7,6.2,0.7,1.3,0.3,1.1,1.5,6.1
Chris Duarte,SF,26,SAC,13,1,14.5,1.6,4.2,.382,0.9,2.6,.353,0.7,1.6,.429,.491,0.6,0.8,.727,0.1,1.8,1.9,1.1,0.7,0.1,0.6,2.7,4.8
Kris Dunn,PG,29,UTA,11,0,10.0,1.4,3.3,.417,0.4,0.8,.444,1.0,2.5,.407,.472,0.4,0.5,.667,0.3,1.4,1.6,2.0,0.5,0.0,1.2,1.3,3.5
Kevin Durant,PF,35,PHO,14,14,37.1,11.0,20.6,.535,2.3,4.5,.508,8.7,16.1,.542,.590,7.1,8.1,.876,0.4,6.6,7.0,5.7,0.8,1.1,3.9,1.9,31.4
Jalen Duren,C,20,DET,8,8,28.9,5.8,9.3,.622,0.0,0.1,.000,5.8,9.1,.630,.622,1.1,1.5,.750,3.5,7.1,10.6,3.1,0.6,1.1,2.8,3.5,12.6
Tari Eason,PF,22,HOU,5,0,17.2,3.0,6.6,.455,0.6,1.8,.333,2.4,4.8,.500,.500,0.0,0.4,.000,1.6,4.6,6.2,0.8,0.4,1.2,0.6,2.0,6.6
Anthony Edwards,SG,22,MIN,13,13,35.3,9.5,20.4,.464,2.5,6.6,.372,7.0,13.8,.508,.525,4.4,5.2,.838,0.8,5.1,5.9,5.1,1.4,0.3,3.5,1.8,25.8
Kessler Edwards,SF,23,SAC,10,0,6.0,0.2,1.1,.182,0.2,0.8,.250,0.0,0.3,.000,.273,0.1,0.2,.500,0.1,0.9,1.0,0.4,0.1,0.2,0.1,0.7,0.7
Keon Ellis,SG,24,SAC,9,2,12.1,1.1,2.9,.385,0.6,2.2,.250,0.6,0.7,.833,.481,0.7,1.2,.545,0.4,1.3,1.8,0.9,0.7,0.4,0.7,1.1,3.4
Joel Embiid,C,29,PHI,14,14,34.6,10.6,21.3,.497,1.1,3.4,.319,9.5,17.9,.530,.522,9.7,11.1,.877,3.1,8.1,11.3,6.1,1.0,1.8,3.7,2.9,31.9
Drew Eubanks,C,26,PHO,14,0,18.4,3.1,4.9,.632,0.1,0.1,1.000,2.9,4.7,.621,.647,1.4,1.7,.833,1.4,2.9,4.4,1.7,0.2,1.1,1.2,2.1,7.7
Dante Exum,PG,28,DAL,13,0,9.8,2.0,3.8,.520,0.2,0.9,.250,1.8,2.9,.605,.550,0.3,0.5,.571,0.3,1.8,2.1,1.5,0.2,0.2,0.2,1.0,4.5
Bruno Fernando,C,25,ATL,3,0,2.3,0.0,0.3,.000,0.0,0.3,.000,0.0,0.0,,.000,0.0,0.0,,0.0,0.0,0.0,0.0,0.0,0.0,0.7,0.7,0.0
Dorian Finney-Smith,PF,30,BRK,13,12,30.2,4.2,8.9,.466,2.8,6.3,.451,1.3,2.6,.500,.625,0.1,0.2,.333,1.8,3.3,5.2,1.4,0.3,0.6,1.1,2.5,11.2
Malachi Flynn,PG,25,TOR,14,0,17.1,2.1,4.7,.439,1.0,2.6,.378,1.1,2.1,.517,.545,0.6,0.9,.667,0.4,1.4,1.9,2.4,0.9,0.1,1.1,1.5,5.7
Simone Fontecchio,SF,28,UTA,12,0,13.0,2.0,4.0,.500,1.3,2.8,.455,0.8,1.3,.600,.656,0.0,0.0,,0.8,1.2,1.9,0.3,0.2,0.3,0.9,1.2,5.3
Jordan Ford,PG,25,SAC,4,0,3.0,0.5,1.3,.400,0.3,0.5,.500,0.3,0.8,.333,.500,0.5,0.5,1.000,0.0,0.3,0.3,0.3,0.0,0.0,0.0,0.0,1.8
Trent Forrest,SG,25,ATL,2,0,9.0,0.0,0.5,.000,0.0,0.0,,0.0,0.5,.000,.000,1.0,1.0,1.000,0.5,0.0,0.5,2.5,0.0,0.0,0.0,0.5,1.0
Evan Fournier,SG,31,NYK,1,0,16.0,1.0,6.0,.167,0.0,4.0,.000,1.0,2.0,.500,.167,0.0,0.0,,0.0,1.0,1.0,1.0,1.0,0.0,0.0,2.0,2.0
De'Aaron Fox,PG,26,SAC,8,8,35.1,10.5,21.8,.483,3.4,9.0,.375,7.1,12.8,.559,.560,5.3,7.1,.737,1.0,3.3,4.3,5.4,1.8,0.4,1.9,2.6,29.6
Alex Fudge,SF,20,LAL,1,0,4.0,0.0,1.0,.000,0.0,0.0,,0.0,1.0,.000,.000,0.0,0.0,,0.0,0.0,0.0,0.0,0.0,0.0,0.0,0.0,0.0
Markelle Fultz,PG,25,ORL,5,5,28.6,5.4,11.2,.482,0.0,0.6,.000,5.4,10.6,.509,.482,0.6,0.8,.750,1.6,1.8,3.4,4.0,1.2,0.4,1.2,1.2,11.4
Daniel Gafford,C,25,WAS,11,11,24.1,3.8,5.5,.689,0.0,0.0,,3.8,5.5,.689,.689,1.5,2.3,.640,2.4,4.6,7.0,1.2,0.5,2.0,1.3,3.3,9.1
Danilo Gallinari,PF,35,WAS,12,0,15.3,2.9,5.8,.500,0.8,2.5,.300,2.2,3.3,.650,.564,1.7,2.1,.800,0.8,2.3,3.0,1.7,0.3,0.3,0.5,0.9,8.3
Darius Garland,PG,24,CLE,9,9,34.4,7.2,15.3,.471,1.6,4.8,.326,5.7,10.6,.537,.522,5.0,6.0,.833,0.7,2.4,3.1,6.0,1.7,0.3,4.7,1.7,21.0
Luka Garza,C,25,MIN,3,0,3.7,1.3,3.0,.444,0.0,0.3,.000,1.3,2.7,.500,.444,1.3,2.0,.667,1.0,0.7,1.7,0.0,0.0,0.0,0.0,1.0,4.0
Kaiser Gates,SF,27,NOP,1,0,7.0,0.0,4.0,.000,0.0,2.0,.000,0.0,2.0,.000,.000,0.0,0.0,,0.0,1.0,1.0,0.0,0.0,0.0,0.0,0.0,0.0
Keyonte George,PG,20,UTA,14,6,24.1,2.9,8.0,.357,1.3,4.4,.290,1.6,3.6,.440,.438,1.5,1.9,.808,0.5,2.2,2.7,5.1,0.5,0.1,2.1,1.2,8.5
Paul George,PF,33,LAC,12,12,34.4,8.3,17.3,.478,3.3,8.3,.400,4.9,8.9,.551,.575,5.0,5.3,.938,0.5,5.2,5.7,3.8,2.3,0.2,2.9,2.6,24.8
Josh Giddey,SG,21,OKC,14,14,27.1,5.4,12.2,.444,0.6,1.9,.308,4.9,10.4,.469,.468,1.0,1.2,.824,1.3,4.4,5.6,4.7,0.8,0.6,2.9,1.1,12.4
Harry Giles,C,25,BRK,2,0,6.0,2.5,3.0,.833,0.5,1.0,.500,2.0,2.0,1.000,.917,0.5,0.5,1.000,0.0,1.0,1.0,0.0,0.0,0.0,0.5,1.0,6.0
Shai Gilgeous-Alexander,PG,25,OKC,13,13,33.9,11.2,20.8,.535,1.4,3.8,.360,9.8,17.0,.575,.568,5.9,6.4,.928,0.7,5.5,6.2,5.8,2.5,0.8,2.4,2.2,29.6
Anthony Gill,PF,31,WAS,8,0,5.6,0.8,1.6,.462,0.0,0.1,.000,0.8,1.5,.500,.462,1.0,1.3,.800,0.4,0.8,1.1,0.5,0.4,0.4,0.6,0.5,2.5
Collin Gillespie,PG,24,DEN,7,0,10.6,1.1,2.6,.444,0.4,1.6,.273,0.7,1.0,.714,.528,0.1,0.1,1.000,0.0,0.4,0.4,1.1,0.7,0.0,0.3,1.3,2.9
Jacob Gilyard,PG,25,MEM,10,4,16.5,1.5,3.1,.484,1.4,2.9,.483,0.1,0.2,.500,.710,0.0,0.0,,0.5,1.2,1.7,3.3,0.9,0.1,0.6,1.3,4.4
Rudy Gobert,C,31,MIN,13,13,32.1,4.3,7.7,.560,0.0,0.0,,4.3,7.7,.560,.560,3.4,5.9,.571,3.9,7.9,11.8,1.3,0.8,2.2,1.6,2.6,12.0
Jordan Goodwin,PG,25,PHO,14,0,16.4,1.9,5.9,.325,1.1,3.1,.341,0.9,2.8,.308,.416,0.7,0.9,.769,0.8,2.6,3.4,2.1,0.9,0.4,0.8,1.1,5.6
Aaron Gordon,PF,28,DEN,14,14,33.3,5.8,10.9,.529,0.5,2.1,.241,5.3,8.9,.597,.552,1.7,3.1,.545,2.3,4.7,7.0,4.1,1.1,1.0,1.9,1.9,13.8
Eric Gordon,SG,35,PHO,13,9,31.2,5.5,11.8,.468,2.5,6.5,.388,3.0,5.3,.565,.575,0.3,0.4,.800,0.5,1.8,2.3,3.2,1.0,0.6,1.4,1.4,13.9
Devonte' Graham,PG,28,SAS,2,0,14.5,0.5,2.5,.200,0.0,1.5,.000,0.5,1.0,.500,.200,2.0,2.5,.800,0.5,0.5,1.0,4.0,1.0,0.5,1.0,1.0,3.0
Jerami Grant,PF,29,POR,14,14,35.7,7.5,17.7,.423,2.5,6.6,.376,5.0,11.1,.452,.494,4.8,6.0,.798,0.8,3.3,4.1,2.1,0.6,0.8,2.4,2.1,22.3
A.J. Green,SG,24,MIL,8,0,9.0,1.3,2.9,.435,0.9,2.4,.368,0.4,0.5,.750,.587,0.1,0.1,1.000,0.0,0.9,0.9,1.0,0.0,0.0,0.0,0.8,3.5
Danny Green,SG,36,PHI,2,0,9.0,0.0,1.0,.000,0.0,0.5,.000,0.0,0.5,.000,.000,0.0,0.0,,0.0,1.0,1.0,0.5,0.5,0.0,0.0,0.5,0.0
Draymond Green,PF,33,GSW,9,9,22.2,3.0,6.2,.482,1.0,2.2,.450,2.0,4.0,.500,.563,1.8,2.0,.889,1.4,3.7,5.1,5.7,0.7,0.6,1.8,2.4,8.8
Jalen Green,SG,21,HOU,12,12,31.4,5.7,14.3,.395,1.9,5.4,.354,3.8,8.9,.421,.462,4.8,6.1,.781,0.3,4.3,4.6,2.8,0.5,0.4,2.3,1.8,18.0
Jeff Green,PF,37,HOU,12,0,15.1,2.3,4.0,.583,0.4,1.3,.333,1.9,2.8,.697,.635,1.8,2.4,.759,1.1,1.8,2.8,0.6,0.2,0.2,0.5,1.0,6.9
Josh Green,SG,23,DAL,14,3,25.9,2.4,5.9,.410,1.3,3.7,.346,1.1,2.2,.516,.518,0.6,1.1,.500,0.6,2.1,2.8,2.4,1.0,0.1,0.9,1.7,6.7
AJ Griffin,SF,20,ATL,7,0,9.1,1.1,2.4,.471,0.9,2.0,.429,0.3,0.4,.667,.647,0.3,0.3,1.000,0.1,0.6,0.7,0.3,0.1,0.0,0.6,0.6,3.4
Quentin Grimes,SG,23,NYK,12,12,24.7,2.7,6.8,.395,2.1,5.8,.362,0.6,1.0,.583,.549,0.0,0.1,.000,0.1,1.3,1.3,1.2,0.8,0.0,0.6,1.8,7.4
Mouhamed Gueye,PF,21,ATL,2,0,2.0,0.0,0.5,.000,0.0,0.5,.000,0.0,0.0,,.000,0.0,0.0,,0.0,0.0,0.0,0.0,0.5,0.0,0.0,0.5,0.0
Rui Hachimura,PF,25,LAL,11,1,23.0,4.4,8.4,.522,1.3,3.0,.424,3.1,5.4,.576,.598,2.0,2.5,.786,0.9,3.0,3.9,1.0,1.0,0.3,1.0,1.4,12.0
Tyrese Haliburton,PG,23,IND,12,12,33.4,8.4,16.3,.518,3.7,8.0,.458,4.8,8.3,.576,.631,4.2,4.5,.926,0.5,3.6,4.1,12.0,1.2,0.8,2.6,1.1,24.7
R.J. Hampton,PG,22,MIA,1,0,2.0,0.0,1.0,.000,0.0,0.0,,0.0,1.0,.000,.000,0.0,0.0,,0.0,0.0,0.0,0.0,0.0,0.0,0.0,0.0,0.0
Tim Hardaway Jr.,SF,31,DAL,14,0,27.6,6.1,13.9,.441,3.6,9.0,.405,2.5,4.9,.507,.572,2.3,2.5,.914,0.3,3.4,3.6,1.7,0.2,0.0,0.9,0.9,18.2
James Harden,SG,34,LAC,7,7,31.9,5.1,10.6,.486,2.0,5.6,.359,3.1,5.0,.629,.581,3.7,3.9,.963,0.6,4.3,4.9,5.4,1.1,0.3,2.0,1.1,16.0
Jaden Hardy,SG,21,DAL,11,0,11.5,2.5,6.1,.403,0.9,2.8,.323,1.5,3.3,.472,.478,1.4,1.9,.714,0.2,1.3,1.5,1.2,0.4,0.0,0.6,1.0,7.2
Ron Harper Jr.,PF,23,TOR,1,0,4.0,0.0,0.0,,0.0,0.0,,0.0,0.0,,,0.0,0.0,,0.0,0.0,0.0,1.0,0.0,0.0,0.0,2.0,0.0
Gary Harris,SG,29,ORL,9,2,20.3,3.3,5.9,.566,2.0,4.0,.500,1.3,1.9,.706,.736,0.7,1.0,.667,0.7,1.3,2.0,1.3,0.8,0.4,0.4,1.0,9.3
Joe Harris,SG,32,DET,7,0,14.0,1.3,3.6,.360,0.9,2.7,.316,0.4,0.9,.500,.480,0.0,0.0,,0.3,0.7,1.0,0.9,0.3,0.0,0.4,1.7,3.4
Tobias Harris,PF,31,PHI,14,14,36.8,7.6,13.6,.558,1.3,3.4,.383,6.3,10.2,.615,.605,3.4,3.7,.904,0.9,5.5,6.4,2.7,1.0,0.4,1.6,1.6,19.8
Josh Hart,SF,28,NYK,14,5,28.7,2.9,7.1,.414,0.9,3.1,.295,2.0,3.9,.509,.480,0.4,0.5,.714,1.1,5.1,6.1,2.6,1.0,0.3,0.9,1.8,7.1
Isaiah Hartenstein,C,25,NYK,14,0,16.7,2.4,4.3,.567,0.1,0.2,.333,2.4,4.1,.579,.575,1.1,1.6,.652,2.4,2.4,4.8,0.9,1.0,0.4,0.9,2.8,6.0
Sam Hauser,SF,26,BOS,14,2,22.3,3.2,6.9,.464,2.8,6.4,.438,0.4,0.6,.750,.665,0.3,0.3,1.000,0.5,2.6,3.1,0.7,0.6,0.4,0.4,1.6,9.5
Jordan Hawkins,SG,21,NOP,14,8,29.6,4.4,11.4,.381,2.7,7.5,.362,1.6,3.9,.418,.500,1.6,1.9,.846,0.8,3.2,4.0,2.1,0.6,0.0,1.1,2.2,13.0
Jaxson Hayes,C,23,LAL,13,0,10.2,1.0,1.5,.684,0.0,0.0,,1.0,1.5,.684,.684,0.8,1.4,.611,0.3,1.1,1.4,0.4,0.3,0.5,0.8,1.8,2.8
Killian Hayes,PG,22,DET,14,13,28.1,3.6,9.1,.391,1.0,3.3,.304,2.6,5.9,.439,.445,1.3,1.7,.750,0.3,2.5,2.8,4.4,1.3,0.6,0.9,2.2,9.4
Gordon Hayward,SF,33,CHO,12,12,32.9,5.7,13.3,.428,0.8,2.5,.333,4.8,10.8,.450,.459,2.9,3.9,.745,1.1,3.8,4.9,4.6,1.5,0.6,1.6,2.2,15.1
Scoot Henderson,PG,19,POR,5,5,28.4,3.6,10.4,.346,0.4,4.2,.095,3.2,6.2,.516,.365,1.2,1.4,.857,0.6,1.6,2.2,4.6,0.6,0.2,4.0,4.0,8.8
Taylor Hendricks,PF,20,UTA,1,0,2.0,0.0,0.0,,0.0,0.0,,0.0,0.0,,,1.0,2.0,.500,0.0,1.0,1.0,0.0,0.0,0.0,0.0,0.0,1.0
Tyler Herro,SG,24,MIA,8,8,34.0,8.5,19.0,.447,3.1,7.6,.410,5.4,11.4,.473,.530,2.8,3.1,.880,0.4,4.6,5.0,4.6,1.4,0.0,2.5,1.6,22.9
Buddy Hield,SF,31,IND,13,1,23.4,4.6,10.5,.438,3.0,7.4,.406,1.6,3.2,.512,.580,0.1,0.2,.500,0.6,2.4,3.0,2.6,0.5,0.5,1.7,1.7,12.3
Haywood Highsmith,PF,27,MIA,10,9,25.3,2.6,6.0,.433,1.1,3.6,.306,1.5,2.4,.625,.525,0.9,1.1,.818,0.7,2.0,2.7,1.4,1.4,0.8,1.0,2.0,7.2
Nate Hinton,SG,24,HOU,2,0,4.0,1.0,2.0,.500,1.0,1.0,1.000,0.0,1.0,.000,.750,0.0,0.0,,0.0,0.0,0.0,0.0,0.0,0.0,0.0,0.5,3.0
D'Moi Hodge,SG,25,LAL,3,0,5.3,0.3,1.7,.200,0.0,1.3,.000,0.3,0.3,1.000,.200,0.3,0.7,.500,0.0,0.0,0.0,0.3,0.0,0.3,0.3,0.7,1.0
Aaron Holiday,PG,27,HOU,10,0,17.1,2.0,4.5,.444,0.9,2.3,.391,1.1,2.2,.500,.544,0.5,0.6,.833,0.1,1.5,1.6,1.7,0.7,0.0,0.5,1.6,5.4
Jrue Holiday,PG,33,BOS,14,14,34.6,5.0,11.5,.435,1.6,4.5,.349,3.4,7.0,.490,.503,1.2,1.6,.773,2.1,5.3,7.4,5.1,0.6,1.0,2.1,1.5,12.8
Justin Holiday,SG,34,DEN,5,0,7.2,0.8,1.4,.571,0.8,1.4,.571,0.0,0.0,,.857,0.0,0.0,,0.0,1.0,1.0,0.4,0.0,0.0,0.0,0.6,2.4
Richaun Holmes,C,30,DAL,5,0,6.0,1.6,2.6,.615,0.0,0.0,,1.6,2.6,.615,.615,0.2,0.4,.500,1.4,1.2,2.6,0.2,0.0,0.0,0.6,1.2,3.4
Chet Holmgren,C,21,OKC,14,14,29.6,5.9,10.5,.565,1.6,3.6,.460,4.3,6.9,.619,.643,3.5,3.9,.907,1.5,6.3,7.8,2.6,0.9,2.1,2.1,2.9,17.0
Al Horford,C,37,BOS,12,3,24.0,2.4,5.5,.439,1.2,3.4,.341,1.3,2.1,.600,.545,0.2,0.2,1.000,1.8,4.0,5.8,2.2,0.4,0.8,0.9,1.6,6.2
Talen Horton-Tucker,PG,23,UTA,14,8,23.4,3.9,9.9,.391,1.3,4.1,.316,2.6,5.8,.444,.457,1.3,1.4,.900,0.6,2.6,3.2,4.9,1.1,0.6,2.1,2.4,10.3
Danuel House Jr.,SF,30,PHI,9,0,12.3,1.3,2.9,.462,0.4,1.4,.308,0.9,1.4,.615,.538,0.8,0.9,.875,0.4,0.9,1.3,0.7,0.2,0.1,0.9,0.9,3.9
Caleb Houstan,SF,21,ORL,8,0,6.0,0.8,1.6,.462,0.6,1.5,.417,0.1,0.1,1.000,.654,0.1,0.1,1.000,0.0,0.8,0.8,0.5,0.1,0.0,0.3,0.4,2.3
Jett Howard,SF,20,ORL,5,0,4.6,0.2,2.0,.100,0.0,1.6,.000,0.2,0.4,.500,.100,0.0,0.0,,0.2,0.2,0.4,0.4,0.0,0.0,0.4,0.0,0.4
Kevin Huerter,SG,25,SAC,12,12,27.6,4.9,11.1,.444,2.6,7.0,.369,2.3,4.1,.571,.560,0.8,1.0,.833,0.6,3.7,4.3,2.9,1.1,0.3,0.9,2.3,13.3
De'Andre Hunter,SF,26,ATL,13,13,29.3,4.4,9.9,.442,1.5,4.4,.351,2.8,5.5,.514,.519,2.1,2.6,.794,0.7,3.0,3.7,1.5,0.8,0.3,1.5,3.0,12.4
Bones Hyland,PG,23,LAC,9,2,21.3,4.0,9.2,.434,1.8,4.9,.364,2.2,4.3,.513,.530,1.0,1.1,.900,0.2,1.3,1.6,2.7,0.7,0.0,1.9,2.3,10.8
Joe Ingles,SF,36,ORL,14,0,18.9,1.2,3.6,.333,0.9,2.7,.316,0.4,0.9,.385,.451,0.4,0.4,.833,0.5,2.0,2.5,3.1,0.9,0.1,0.9,1.4,3.6
Brandon Ingram,SF,26,NOP,11,11,33.6,9.7,19.5,.500,1.5,4.8,.302,8.3,14.6,.565,.537,3.2,4.1,.778,0.7,4.7,5.5,5.0,0.6,0.2,2.9,1.5,24.1
Kyrie Irving,SG,31,DAL,11,11,32.9,8.9,18.8,.473,2.7,7.1,.385,6.2,11.7,.527,.546,3.4,3.8,.881,0.7,3.2,3.9,6.1,1.1,0.4,1.6,2.0,23.9
Jonathan Isaac,PF,26,ORL,12,0,13.7,2.2,5.3,.413,0.7,2.6,.258,1.5,2.7,.563,.476,1.5,1.9,.783,1.0,3.1,4.1,0.3,1.0,1.4,0.8,1.3,6.5
Jaden Ivey,SG,21,DET,11,2,22.2,4.2,8.0,.523,1.1,3.1,.353,3.1,4.9,.630,.591,1.9,2.4,.808,0.8,1.8,2.6,2.9,0.7,0.3,2.2,2.5,11.4
Andre Jackson Jr.,SG,22,MIL,10,2,8.6,0.7,1.3,.538,0.3,0.7,.429,0.4,0.6,.667,.654,0.0,0.0,,0.7,0.8,1.5,0.9,0.3,0.0,0.6,1.6,1.7
Gregory Jackson II,PF,19,MEM,1,0,1.0,0.0,0.0,,0.0,0.0,,0.0,0.0,,,0.0,0.0,,0.0,0.0,0.0,0.0,0.0,0.0,0.0,0.0,0.0
Isaiah Jackson,C,22,IND,7,0,13.9,1.7,3.0,.571,0.0,0.0,,1.7,3.0,.571,.571,1.7,2.7,.632,1.6,2.7,4.3,0.9,0.6,2.0,0.4,3.1,5.1
Jaren Jackson Jr.,C,24,MEM,13,13,30.7,6.6,15.4,.430,1.6,5.2,.313,5.0,10.2,.489,.483,4.9,5.8,.842,1.8,4.3,6.2,2.0,0.5,1.6,1.8,3.3,19.8
Reggie Jackson,PG,33,DEN,14,7,25.1,4.6,9.6,.485,1.4,3.8,.358,3.3,5.8,.568,.556,0.8,1.3,.611,0.1,1.7,1.9,3.6,0.9,0.4,1.4,1.7,11.4
Trayce Jackson-Davis,PF,23,GSW,11,0,7.5,0.9,1.6,.556,0.0,0.0,,0.9,1.6,.556,.556,1.0,1.6,.611,0.8,0.9,1.7,0.5,0.1,0.5,0.4,1.3,2.8
LeBron James,PF,39,LAL,14,14,33.6,9.6,16.4,.587,2.3,5.6,.410,7.4,10.9,.678,.657,4.1,5.9,.699,0.6,7.4,8.1,6.6,1.6,0.7,3.9,1.4,25.7
Jaime Jaquez Jr.,SF,22,MIA,14,3,24.6,4.0,7.9,.509,1.1,3.0,.357,2.9,4.9,.603,.577,0.6,0.7,.800,1.1,2.2,3.4,2.3,1.1,0.2,1.2,2.3,9.6
DaQuan Jeffries,SG,26,NYK,6,0,3.0,0.5,1.3,.375,0.2,0.7,.250,0.3,0.7,.500,.438,0.0,0.3,.000,0.0,0.5,0.5,0.2,0.0,0.0,0.2,0.2,1.2
Ty Jerome,SG,26,CLE,2,0,7.5,1.0,2.0,.500,0.0,0.5,.000,1.0,1.5,.667,.500,0.0,0.0,,0.5,0.0,0.5,1.5,0.0,0.0,0.5,1.0,2.0
Isaiah Joe,SG,24,OKC,14,0,19.6,3.3,7.0,.469,2.8,5.6,.500,0.5,1.4,.350,.668,0.9,1.2,.765,0.1,2.1,2.2,1.1,0.9,0.1,0.6,1.2,10.3
Cameron Johnson,PF,27,BRK,6,6,28.3,4.8,12.0,.403,2.2,6.5,.333,2.7,5.5,.485,.493,1.8,2.2,.846,1.5,3.5,5.0,1.8,1.0,0.2,1.7,2.0,13.7
Jalen Johnson,SF,22,ATL,13,10,30.8,6.1,10.2,.598,1.2,2.8,.417,4.9,7.4,.667,.655,1.8,2.4,.774,1.5,6.4,7.8,2.5,1.0,1.0,1.9,2.3,15.2
Keldon Johnson,SF,24,SAS,13,13,32.6,6.5,14.0,.462,2.1,5.8,.360,4.4,8.2,.533,.536,1.8,2.6,.676,0.8,5.6,6.4,4.3,0.8,0.3,1.2,2.5,16.8
Keyontae Johnson,SF,23,OKC,1,0,6.0,0.0,1.0,.000,0.0,0.0,,0.0,1.0,.000,.000,0.0,0.0,,0.0,0.0,0.0,0.0,0.0,0.0,0.0,0.0,0.0
Nikola Jokić,C,28,DEN,14,14,32.9,10.7,18.7,.573,1.4,4.6,.297,9.4,14.1,.662,.609,4.6,5.8,.790,2.9,10.3,13.1,8.7,0.9,0.8,3.3,2.3,27.4
Colby Jones,SG,21,SAC,8,0,8.6,1.5,3.3,.462,0.1,0.9,.143,1.4,2.4,.579,.481,0.3,0.4,.667,0.6,1.0,1.6,0.3,0.3,0.1,0.4,1.1,3.4
Damian Jones,C,28,CLE,9,0,4.3,0.3,0.3,1.000,0.0,0.0,,0.3,0.3,1.000,1.000,0.1,0.2,.500,0.2,0.6,0.8,0.2,0.0,0.1,0.2,0.3,0.8
Derrick Jones Jr.,SF,26,DAL,14,14,22.0,3.2,6.6,.484,1.4,3.8,.358,1.9,2.9,.650,.586,0.9,1.3,.722,0.9,2.8,3.7,1.1,0.5,0.6,1.1,1.2,8.7
Herbert Jones,SF,25,NOP,11,11,31.0,3.9,7.5,.518,1.1,3.1,.353,2.8,4.5,.633,.590,2.7,3.1,.882,0.6,3.6,4.3,2.9,2.0,1.6,1.2,3.7,11.6
Tre Jones,PG,24,SAS,11,0,25.1,3.1,7.2,.430,0.5,2.2,.250,2.5,5.0,.509,.468,1.6,1.8,.900,0.8,2.0,2.8,5.6,0.6,0.4,1.5,1.3,8.4
Tyus Jones,PG,27,WAS,13,13,26.7,4.5,9.1,.492,1.2,3.2,.366,3.3,5.9,.558,.555,0.3,0.5,.667,0.3,2.3,2.6,4.7,0.8,0.2,0.8,1.0,10.4
DeAndre Jordan,C,35,DEN,1,0,12.0,0.0,0.0,,0.0,0.0,,0.0,0.0,,,1.0,2.0,.500,1.0,0.0,1.0,1.0,0.0,0.0,1.0,2.0,1.0
Cory Joseph,PG,32,GSW,6,0,7.8,0.7,2.7,.250,0.7,2.0,.333,0.0,0.7,.000,.375,0.0,0.2,.000,0.3,0.3,0.7,1.5,0.2,0.2,0.7,0.7,2.0
Nikola Jović,PF,20,MIA,2,1,14.0,2.0,4.0,.500,1.5,2.5,.600,0.5,1.5,.333,.688,1.0,1.0,1.000,0.0,7.5,7.5,2.0,0.5,0.0,1.0,1.0,6.5
Luke Kennard,SG,27,MEM,8,0,21.5,2.6,7.3,.362,2.1,5.8,.370,0.5,1.5,.333,.509,0.9,0.9,1.000,0.4,2.5,2.9,2.0,0.6,0.1,0.6,0.5,8.3
Walker Kessler,C,22,UTA,8,8,24.0,3.5,6.4,.549,0.3,0.8,.333,3.3,5.6,.578,.569,1.0,1.6,.615,3.4,4.5,7.9,0.3,0.0,2.1,1.0,2.1,8.3
Braxton Key,SF,26,DEN,4,0,2.5,0.3,1.0,.250,0.0,0.3,.000,0.3,0.8,.333,.250,0.0,0.0,,0.0,0.3,0.3,0.8,0.0,0.0,0.0,0.5,0.5
Corey Kispert,SF,24,WAS,12,0,22.6,3.5,7.5,.467,1.8,4.8,.362,1.8,2.7,.656,.583,1.6,2.0,.792,0.7,1.8,2.4,1.6,0.4,0.0,1.0,1.6,10.3
Maxi Kleber,C,32,DAL,5,1,18.0,0.8,3.2,.250,0.6,1.8,.333,0.2,1.4,.143,.344,1.2,2.0,.600,0.8,3.4,4.2,2.0,0.2,0.2,0.8,1.6,3.4
Kevin Knox,SF,24,DET,4,2,27.5,4.8,9.3,.514,2.0,4.5,.444,2.8,4.8,.579,.622,0.3,0.5,.500,1.3,4.0,5.3,0.8,1.0,0.3,1.0,2.8,11.8
John Konchar,SF,27,MEM,10,2,19.4,1.5,3.5,.429,0.8,2.0,.400,0.7,1.5,.467,.543,0.0,0.0,,1.0,3.1,4.1,1.9,0.8,0.7,0.4,1.1,3.8
Furkan Korkmaz,SG,26,PHI,10,0,7.5,0.8,2.0,.400,0.3,0.9,.333,0.5,1.1,.455,.475,0.4,0.6,.667,0.1,0.5,0.6,0.3,0.5,0.0,0.6,0.4,2.3
Luke Kornet,C,28,BOS,10,0,12.3,1.7,2.1,.810,0.0,0.0,,1.7,2.1,.810,.810,0.6,0.8,.750,1.2,2.3,3.5,0.6,0.4,0.3,0.3,1.0,4.0
Jonathan Kuminga,PF,21,GSW,14,1,20.4,4.2,9.7,.434,0.4,2.3,.188,3.8,7.4,.510,.456,3.1,4.3,.717,0.9,2.4,3.3,0.9,0.6,0.4,1.5,2.5,11.9
Kyle Kuzma,PF,28,WAS,13,13,30.4,9.2,19.4,.476,2.4,6.7,.356,6.8,12.7,.539,.538,2.5,3.2,.786,1.1,4.6,5.7,3.9,0.3,0.5,2.2,1.8,23.4
Jock Landale,C,28,HOU,10,0,9.2,0.6,2.1,.286,0.2,0.9,.222,0.4,1.2,.333,.333,0.2,0.2,1.000,0.9,1.2,2.1,0.8,0.3,0.2,0.7,0.7,1.6
Jake LaRavia,PF,22,MEM,5,0,12.2,1.4,4.0,.350,0.4,2.4,.167,1.0,1.6,.625,.400,0.2,0.4,.500,0.6,1.0,1.6,0.4,0.2,0.0,0.4,1.6,3.4
Zach LaVine,SG,28,CHI,15,15,35.5,7.1,16.5,.431,2.5,7.5,.339,4.6,9.1,.507,.508,4.5,5.2,.872,0.3,4.7,5.1,3.3,0.9,0.3,2.1,2.1,21.3
Saben Lee,PG,24,PHO,3,0,3.3,1.0,2.0,.500,0.0,0.3,.000,1.0,1.7,.600,.500,0.0,0.0,,0.7,0.3,1.0,1.0,0.0,0.3,0.0,0.3,2.0
Alex Len,C,30,SAC,6,0,6.8,1.0,1.3,.750,0.0,0.2,.000,1.0,1.2,.857,.750,0.5,1.2,.429,1.2,1.5,2.7,0.8,0.2,0.8,0.3,0.3,2.5
Kawhi Leonard,SF,32,LAC,12,12,33.7,7.8,16.8,.463,2.5,5.9,.423,5.3,10.8,.485,.537,3.0,3.8,.800,1.2,4.2,5.3,3.5,1.9,0.5,1.7,1.7,21.0
Caris LeVert,SG,29,CLE,11,1,33.1,6.5,15.4,.420,1.9,6.1,.313,4.5,9.3,.490,.482,3.2,4.4,.729,0.5,3.8,4.4,3.8,1.3,0.5,1.3,1.8,18.0
Kira Lewis Jr.,PG,22,NOP,11,0,11.0,1.3,3.9,.326,0.2,1.4,.133,1.1,2.5,.429,.349,0.7,0.8,.889,0.3,0.6,0.9,1.6,0.5,0.1,0.5,0.7,3.5
Maxwell Lewis,SF,21,LAL,6,0,3.5,0.0,0.5,.000,0.0,0.0,,0.0,0.5,.000,.000,0.0,0.0,,0.0,0.2,0.2,0.0,0.0,0.0,0.3,0.0,0.0
E.J. Liddell,PF,23,NOP,3,0,3.0,0.3,1.3,.250,0.0,1.0,.000,0.3,0.3,1.000,.250,0.7,0.7,1.000,0.0,0.7,0.7,0.0,0.0,0.3,0.3,0.3,1.3
Damian Lillard,PG,33,MIL,12,12,33.3,6.4,16.3,.395,2.8,8.7,.327,3.6,7.6,.473,.482,8.9,9.7,.922,0.6,3.7,4.3,6.3,1.0,0.1,2.6,1.3,24.6
Nassir Little,PF,23,PHO,9,0,12.8,1.9,3.4,.548,0.8,2.2,.350,1.1,1.2,.909,.661,0.9,1.1,.800,0.6,1.2,1.8,0.4,0.7,0.6,0.2,1.6,5.4
Dereck Lively II,C,19,DAL,13,12,24.5,3.8,5.3,.710,0.0,0.2,.000,3.8,5.2,.731,.710,1.1,1.7,.636,2.9,4.5,7.5,1.2,0.6,1.2,1.1,3.5,8.6
Isaiah Livers,PF,25,DET,1,0,23.0,1.0,7.0,.143,0.0,3.0,.000,1.0,4.0,.250,.143,4.0,4.0,1.000,2.0,2.0,4.0,1.0,0.0,0.0,2.0,2.0,6.0
Chris Livingston,SF,20,MIL,2,0,4.5,1.0,1.0,1.000,0.5,0.5,1.000,0.5,0.5,1.000,1.250,0.0,0.0,,0.0,0.0,0.0,0.5,0.0,0.0,0.0,0.0,2.5
Kenneth Lofton Jr.,PF,21,MEM,9,0,9.3,1.1,2.9,.385,0.2,0.8,.286,0.9,2.1,.421,.423,0.6,1.3,.417,0.2,1.1,1.3,1.1,0.2,0.2,0.7,1.6,3.0
Kevon Looney,C,27,GSW,15,13,24.2,2.7,4.4,.606,0.0,0.0,,2.7,4.4,.606,.606,0.8,1.1,.750,3.5,5.9,9.4,2.9,0.7,0.4,0.9,2.7,6.1
Brook Lopez,C,35,MIL,14,14,28.2,4.0,8.9,.452,1.6,4.7,.333,2.4,4.1,.586,.540,1.1,1.4,.789,1.4,3.6,4.9,1.0,0.7,3.0,0.9,2.0,10.6
Robin Lopez,C,35,MIL,3,0,3.0,0.0,0.0,,0.0,0.0,,0.0,0.0,,,0.7,0.7,1.000,0.0,0.0,0.0,0.3,0.0,0.0,0.3,0.7,0.7
Kevin Love,PF,35,MIA,9,3,16.8,2.3,6.2,.375,1.6,4.9,.318,0.8,1.3,.583,.500,1.6,2.0,.778,0.7,5.6,6.2,1.9,0.1,0.0,0.6,1.8,7.8
Kyle Lowry,PG,37,MIA,13,13,29.0,2.3,5.8,.400,1.8,4.2,.426,0.5,1.6,.333,.553,0.6,0.6,1.000,0.8,3.2,4.1,4.8,1.4,0.2,1.5,2.6,7.0
Théo Maledon,PG,22,CHO,11,1,17.5,1.7,5.8,.297,0.5,2.6,.172,1.3,3.2,.400,.336,1.0,1.1,.917,0.4,1.7,2.1,2.1,0.6,0.0,1.4,1.5,4.9
Sandro Mamukelashvili,C,24,SAS,5,0,8.4,1.0,2.4,.417,0.2,1.0,.200,0.8,1.4,.571,.458,1.0,1.2,.833,1.0,1.4,2.4,1.0,0.2,0.2,0.6,1.2,3.2
Terance Mann,SG,27,LAC,6,2,24.8,1.3,4.5,.296,0.3,2.3,.143,1.0,2.2,.462,.333,0.2,0.3,.500,1.5,3.7,5.2,2.8,0.8,0.2,0.8,2.2,3.2
Tre Mann,PG,22,OKC,5,0,8.8,2.0,3.6,.556,0.6,1.6,.375,1.4,2.0,.700,.639,0.2,0.2,1.000,0.6,1.6,2.2,1.2,0.2,0.0,1.0,0.2,4.8
Boban Marjanović,C,35,HOU,3,0,6.7,1.7,3.0,.556,0.0,0.3,.000,1.7,2.7,.625,.556,0.0,0.3,.000,0.7,2.0,2.7,1.0,0.0,0.3,0.0,0.7,3.3
Lauri Markkanen,PF,26,UTA,14,14,34.1,8.1,16.7,.483,3.4,8.7,.393,4.6,8.0,.580,.585,4.1,4.9,.841,2.4,6.4,8.7,1.1,1.0,0.9,1.3,2.3,23.7
Naji Marshall,SF,26,NOP,5,0,20.6,3.6,6.6,.545,1.6,3.4,.471,2.0,3.2,.625,.667,2.0,2.2,.909,0.8,3.0,3.8,2.0,0.8,0.4,2.0,1.6,10.8
Caleb Martin,SF,28,MIA,4,0,17.0,1.5,6.5,.231,0.8,3.3,.231,0.8,3.3,.231,.288,0.0,0.0,,0.8,1.8,2.5,1.3,0.8,0.0,0.5,1.3,3.8
KJ Martin,SF,23,TOT,7,0,6.3,0.6,1.6,.364,0.1,0.7,.200,0.4,0.9,.500,.409,0.1,0.3,.500,0.3,0.4,0.7,0.3,0.3,0.1,0.4,0.9,1.4
KJ Martin,SF,23,LAC,2,0,15.5,2.0,5.0,.400,0.5,2.5,.200,1.5,2.5,.600,.450,0.5,1.0,.500,0.5,1.0,1.5,0.5,1.0,0.5,1.0,1.5,5.0
KJ Martin,SF,23,PHI,5,0,2.6,0.0,0.2,.000,0.0,0.0,,0.0,0.2,.000,.000,0.0,0.0,,0.2,0.2,0.4,0.2,0.0,0.0,0.2,0.6,0.0
Garrison Mathews,SG,27,ATL,3,0,3.0,0.3,1.0,.333,0.3,1.0,.333,0.0,0.0,,.500,0.0,0.0,,0.0,0.7,0.7,0.0,0.0,0.0,0.0,0.3,1.0
Bennedict Mathurin,SF,21,IND,13,12,24.5,4.9,11.2,.438,1.3,3.8,.340,3.6,7.4,.490,.497,2.3,2.9,.789,1.3,2.8,4.1,2.2,0.7,0.2,1.2,1.7,13.5
Wesley Matthews,SG,37,ATL,4,0,9.0,1.0,1.8,.571,1.0,1.8,.571,0.0,0.0,,.857,0.8,1.5,.500,0.5,1.0,1.5,0.5,0.3,0.0,0.5,2.5,3.8
Tyrese Maxey,PG,23,PHI,14,14,38.7,9.4,20.2,.466,3.4,8.1,.425,6.0,12.1,.494,.551,4.7,5.1,.930,0.6,4.1,4.7,7.0,0.9,0.7,1.4,1.8,27.0
Skylar Mays,PG,26,POR,13,5,20.6,3.3,8.1,.410,0.9,3.2,.293,2.4,4.9,.484,.467,0.8,1.0,.846,0.3,1.5,1.8,4.8,0.8,0.2,1.2,1.5,8.4
Miles McBride,PG,23,NYK,11,0,4.8,0.7,1.5,.471,0.4,1.2,.308,0.4,0.4,1.000,.588,0.1,0.2,.500,0.1,0.2,0.3,0.2,0.4,0.0,0.0,0.6,1.9
CJ McCollum,PG,32,NOP,6,6,34.3,7.3,16.7,.440,3.2,8.3,.380,4.2,8.3,.500,.535,3.8,5.2,.742,0.8,4.0,4.8,5.7,1.5,0.8,1.3,2.3,21.7
T.J. McConnell,PG,31,IND,9,0,14.6,3.1,5.7,.549,0.0,0.4,.000,3.1,5.2,.596,.549,1.1,1.3,.833,0.6,1.9,2.4,3.6,0.7,0.1,0.8,1.2,7.3
Jaden McDaniels,SF,23,MIN,11,11,23.6,4.2,7.2,.582,1.0,2.6,.379,3.2,4.5,.700,.652,0.2,0.2,1.000,0.6,1.5,2.2,1.3,0.5,0.4,1.0,3.3,9.5
Jalen McDaniels,SF,26,TOR,12,0,9.1,0.8,3.1,.270,0.3,1.5,.167,0.6,1.6,.368,.311,0.2,0.2,1.000,0.2,1.0,1.2,0.6,0.3,0.2,0.3,0.7,2.1
Doug McDermott,SF,32,SAS,14,0,17.0,2.4,4.9,.493,1.9,3.7,.500,0.6,1.2,.471,.681,0.3,0.4,.667,0.1,1.0,1.1,1.8,0.2,0.1,0.6,1.4,7.0
JaVale McGee,C,36,SAC,11,0,11.1,3.0,4.5,.660,0.0,0.1,.000,3.0,4.5,.673,.660,0.9,1.4,.667,1.5,2.5,4.0,0.5,0.4,0.5,1.2,1.3,6.9
Bryce McGowens,SG,21,CHO,8,0,15.6,1.0,3.1,.320,0.6,2.3,.278,0.4,0.9,.429,.420,0.8,1.0,.750,0.1,1.8,1.9,0.9,0.4,0.0,0.6,1.5,3.4
Jordan McLaughlin,PG,27,MIN,5,0,3.8,0.2,0.8,.250,0.2,0.4,.500,0.0,0.4,.000,.375,0.4,0.4,1.000,0.0,0.0,0.0,1.0,0.0,0.4,0.0,0.4,1.0
De'Anthony Melton,SG,25,PHI,14,14,30.1,4.0,9.8,.409,2.2,5.3,.419,1.8,4.5,.397,.522,1.7,2.3,.750,0.8,3.2,4.0,3.7,1.4,0.3,1.3,2.6,11.9
Sam Merrill,SG,27,CLE,8,0,7.0,0.6,2.3,.278,0.6,2.0,.313,0.0,0.3,.000,.417,0.0,0.0,,0.3,0.4,0.6,0.5,0.3,0.0,0.1,0.3,1.9
Chimezie Metu,C,26,PHO,6,0,3.2,0.5,1.3,.375,0.0,0.5,.000,0.5,0.8,.600,.375,0.3,0.3,1.000,0.0,0.7,0.7,0.3,0.2,0.2,0.3,0.5,1.3
Vasilije Micić,PG,30,OKC,7,0,12.4,1.1,2.9,.400,0.7,1.6,.455,0.4,1.3,.333,.525,0.6,0.9,.667,0.0,0.6,0.6,2.9,0.1,0.0,1.1,0.9,3.6
Khris Middleton,SF,32,MIL,11,11,19.7,4.5,9.3,.490,1.2,3.8,.310,3.4,5.5,.617,.554,1.7,2.1,.826,0.7,3.4,4.1,3.8,0.7,0.1,1.9,1.7,12.0
Brandon Miller,SF,21,CHO,12,7,30.0,5.3,11.5,.457,1.3,4.2,.320,3.9,7.3,.534,.514,1.8,2.3,.778,1.6,2.8,4.3,1.9,0.6,0.5,1.1,3.0,13.6
Jordan Miller,SF,24,LAC,2,0,3.5,1.0,1.5,.667,0.5,0.5,1.000,0.5,1.0,.500,.833,0.0,0.0,,0.0,0.0,0.0,0.0,0.0,0.0,0.0,1.0,2.5
Leonard Miller,SF,20,MIN,1,0,2.0,0.0,1.0,.000,0.0,0.0,,0.0,1.0,.000,.000,0.0,0.0,,0.0,1.0,1.0,0.0,0.0,0.0,0.0,0.0,0.0
Shake Milton,SG,27,MIN,13,0,15.5,1.8,4.7,.393,0.5,1.9,.240,1.4,2.8,.500,.443,1.3,1.6,.810,0.2,2.0,2.2,1.4,0.6,0.1,1.1,1.7,5.5
Justin Minaya,SF,24,POR,5,0,6.0,0.4,1.2,.333,0.4,0.8,.500,0.0,0.4,.000,.500,0.2,0.4,.500,0.8,0.2,1.0,0.0,0.0,0.2,0.2,0.2,1.4
Josh Minott,SF,21,MIN,7,0,2.7,0.7,1.4,.500,0.0,0.6,.000,0.7,0.9,.833,.500,0.3,0.6,.500,0.1,0.3,0.4,0.1,0.0,0.1,0.0,0.4,1.7
Davion Mitchell,PG,25,SAC,10,3,19.5,1.9,5.6,.339,1.0,3.3,.303,0.9,2.3,.391,.429,0.3,0.3,1.000,0.1,1.2,1.3,3.1,0.4,0.2,1.1,2.0,5.1
Donovan Mitchell,SG,27,CLE,10,10,36.2,10.5,21.6,.486,3.5,8.9,.393,7.0,12.7,.551,.567,4.7,5.3,.887,0.9,4.0,4.9,5.3,2.0,0.6,2.6,2.3,29.2
Evan Mobley,PF,22,CLE,14,14,33.2,6.9,12.4,.561,0.1,0.5,.143,6.9,11.9,.578,.564,2.8,3.7,.750,2.9,7.6,10.5,3.2,0.7,1.7,2.2,2.9,16.7
Isaiah Mobley,PF,24,CLE,1,0,1.0,0.0,0.0,,0.0,0.0,,0.0,0.0,,,0.0,0.0,,0.0,1.0,1.0,0.0,0.0,0.0,0.0,1.0,0.0
Malik Monk,SG,25,SAC,13,0,23.3,4.2,10.5,.397,2.5,6.0,.410,1.7,4.5,.379,.515,2.4,2.8,.838,0.7,2.1,2.8,5.4,0.5,0.6,2.1,1.8,13.2
Moses Moody,SG,21,GSW,15,1,17.6,2.7,5.9,.449,1.1,3.3,.340,1.5,2.6,.590,.545,0.9,1.2,.778,1.0,2.1,3.1,1.1,0.9,0.3,0.5,1.1,7.4
Marcus Morris,PF,34,PHI,7,0,7.1,0.4,1.4,.300,0.1,0.7,.200,0.3,0.7,.400,.350,0.1,0.1,1.000,0.0,1.0,1.0,0.1,0.0,0.1,0.1,0.6,1.1
Markieff Morris,PF,34,DAL,2,0,4.5,0.5,3.0,.167,0.0,2.0,.000,0.5,1.0,.500,.167,0.0,0.0,,0.0,0.5,0.5,0.5,0.0,0.0,0.0,0.0,1.0
Dejounte Murray,SG,27,ATL,13,13,34.5,8.2,16.7,.493,2.4,5.8,.413,5.8,10.9,.535,.565,2.9,3.5,.826,0.5,3.7,4.2,5.4,1.5,0.3,2.8,1.5,21.8
Jamal Murray,PG,26,DEN,7,7,30.9,6.0,13.9,.433,2.0,4.6,.438,4.0,9.3,.431,.505,2.3,2.7,.842,0.4,2.1,2.6,7.4,0.3,0.7,2.3,1.9,16.3
Keegan Murray,SF,23,SAC,13,13,33.1,4.9,12.6,.390,2.1,7.2,.287,2.8,5.4,.529,.473,1.3,1.5,.850,1.8,4.3,6.2,2.0,1.4,0.6,1.2,2.4,13.2
Kris Murray,SF,23,POR,9,0,7.9,0.6,1.7,.333,0.3,1.0,.333,0.2,0.7,.333,.433,0.3,0.4,.750,0.2,0.4,0.7,0.3,0.4,0.1,0.1,0.9,1.8
Mike Muscala,C,32,WAS,6,1,10.7,1.0,2.7,.375,0.3,1.3,.250,0.7,1.3,.500,.438,0.7,0.7,1.000,0.3,1.8,2.2,0.7,0.2,0.2,1.0,1.2,3.0
Svi Mykhailiuk,SF,26,BOS,7,0,8.3,0.9,2.4,.353,0.6,2.0,.286,0.3,0.4,.667,.471,0.0,0.0,,0.1,0.6,0.7,0.1,0.4,0.0,0.6,0.6,2.3
Larry Nance Jr.,C,31,NOP,10,0,15.7,1.6,3.3,.485,0.3,0.9,.333,1.3,2.4,.542,.530,0.3,0.6,.500,1.3,3.1,4.4,0.8,0.5,0.1,0.9,1.4,3.8
Andrew Nembhard,PG,24,IND,11,1,18.4,3.3,6.8,.480,0.7,2.5,.286,2.5,4.3,.596,.533,0.3,0.4,.750,0.4,1.5,1.8,4.0,0.8,0.0,1.5,1.9,7.5
Aaron Nesmith,SF,24,IND,13,1,23.3,3.8,7.5,.515,1.8,4.1,.453,2.0,3.4,.591,.639,1.2,1.8,.667,0.8,2.3,3.2,1.1,0.8,0.6,0.5,3.0,10.8
Georges Niang,PF,30,CLE,14,1,22.9,2.7,6.9,.396,1.4,4.1,.333,1.4,2.8,.487,.495,0.6,0.6,1.000,0.3,3.8,4.1,1.0,0.1,0.1,0.6,2.2,7.4
Daishen Nix,PG,21,MIN,3,0,2.3,0.3,0.3,1.000,0.0,0.0,,0.3,0.3,1.000,1.000,0.0,0.0,,0.0,0.0,0.0,0.0,0.3,0.0,0.0,0.0,0.7
Zeke Nnaji,PF,23,DEN,14,0,10.9,1.4,2.6,.528,0.2,0.5,.429,1.1,2.1,.552,.569,0.8,1.2,.647,0.9,1.4,2.4,0.4,0.2,0.4,0.6,1.4,3.7
Markquis Nowell,SG,24,TOR,1,0,4.0,0.0,1.0,.000,0.0,0.0,,0.0,1.0,.000,.000,2.0,2.0,1.000,2.0,0.0,2.0,2.0,1.0,0.0,0.0,0.0,2.0
Jusuf Nurkić,C,29,PHO,14,14,27.5,3.7,8.3,.448,0.7,2.5,.286,3.0,5.8,.519,.491,2.9,3.8,.774,3.0,6.1,9.1,4.0,1.2,1.1,2.1,3.6,11.1
Jordan Nwora,SF,25,IND,4,0,14.8,3.5,7.3,.483,1.0,3.3,.308,2.5,4.0,.625,.552,0.8,1.0,.750,0.8,2.0,2.8,1.3,0.8,0.3,1.5,1.3,8.8
Royce O'Neale,SF,30,BRK,13,4,30.2,2.6,7.4,.354,2.3,6.1,.380,0.3,1.3,.235,.510,0.2,0.3,.500,0.7,4.8,5.5,3.2,0.6,0.8,1.1,3.0,7.7
Chuma Okeke,SF,25,ORL,7,0,3.9,0.6,1.3,.444,0.4,1.0,.429,0.1,0.3,.500,.611,0.0,0.0,,0.4,0.6,1.0,0.1,0.0,0.0,0.1,0.0,1.6
Josh Okogie,SG,25,PHO,14,6,21.1,2.0,4.6,.438,0.6,2.0,.286,1.4,2.6,.556,.500,2.1,2.5,.857,1.6,1.4,3.0,1.0,0.9,0.4,0.9,1.1,6.7
Onyeka Okongwu,C,23,ATL,13,0,22.2,3.2,5.5,.577,0.2,0.9,.250,2.9,4.5,.644,.599,2.2,2.4,.935,2.8,3.8,6.6,1.6,0.5,0.9,1.1,3.1,8.8
Isaac Okoro,SF,23,CLE,6,5,28.8,3.5,7.2,.488,1.0,2.5,.400,2.5,4.7,.536,.558,1.5,2.2,.692,2.0,2.8,4.8,2.2,1.2,0.5,1.0,3.8,9.5
Kelly Olynyk,C,32,UTA,14,0,20.9,2.6,4.8,.537,0.7,2.0,.357,1.9,2.8,.667,.612,1.4,1.7,.833,2.2,3.5,5.7,3.9,0.9,0.1,2.0,3.1,7.3
Eugene Omoruyi,SF,26,WAS,8,0,6.5,1.9,2.8,.682,0.4,0.9,.429,1.5,1.9,.800,.750,0.9,1.3,.700,0.5,1.4,1.9,0.8,0.4,0.1,0.8,0.8,5.0
Cedi Osman,SF,28,SAS,14,0,19.6,3.2,6.3,.511,1.6,3.6,.451,1.6,2.6,.595,.642,0.4,0.6,.750,0.5,1.6,2.1,1.3,0.4,0.2,0.5,1.4,8.5
Kelly Oubre Jr.,SF,28,PHI,8,5,29.0,5.9,11.8,.500,1.8,4.6,.378,4.1,7.1,.579,.574,2.8,3.5,.786,1.4,3.8,5.1,0.6,1.4,0.4,0.9,2.4,16.3
Chris Paul,PG,38,GSW,15,6,28.8,3.5,8.9,.398,1.3,3.9,.328,2.3,5.0,.453,.470,1.5,1.6,.917,0.3,3.5,3.9,7.7,1.7,0.1,1.2,1.7,9.8
Cameron Payne,PG,29,MIL,14,2,17.9,2.4,4.8,.507,1.4,2.7,.526,1.0,2.1,.483,.657,0.4,0.4,1.000,0.1,1.2,1.3,2.4,0.5,0.1,0.8,2.2,6.7
Gary Payton II,SG,31,GSW,12,0,17.3,2.4,5.3,.453,0.8,2.2,.346,1.7,3.2,.526,.523,0.4,0.7,.625,1.2,1.8,3.0,1.0,1.2,0.2,0.5,1.6,6.0
Filip Petrušev,C,23,TOT,3,0,3.3,0.3,0.7,.500,0.0,0.0,,0.3,0.7,.500,.500,0.3,0.7,.500,0.0,0.3,0.3,0.0,0.0,0.0,0.0,0.3,1.0
Filip Petrušev,C,23,PHI,1,0,3.0,0.0,0.0,,0.0,0.0,,0.0,0.0,,,0.0,0.0,,0.0,1.0,1.0,0.0,0.0,0.0,0.0,0.0,0.0
Filip Petrušev,C,23,SAC,2,0,3.5,0.5,1.0,.500,0.0,0.0,,0.5,1.0,.500,.500,0.5,1.0,.500,0.0,0.0,0.0,0.0,0.0,0.0,0.0,0.5,1.5
Julian Phillips,SF,20,CHI,6,0,2.8,0.2,0.8,.200,0.0,0.3,.000,0.2,0.5,.333,.200,0.0,0.0,,0.0,0.3,0.3,0.0,0.0,0.0,0.0,0.3,0.3
Jalen Pickett,SG,24,DEN,8,0,7.8,1.1,1.9,.600,0.6,1.3,.500,0.5,0.6,.800,.767,0.3,0.3,1.000,0.1,1.0,1.1,0.9,0.4,0.0,0.5,0.8,3.1
Mason Plumlee,C,33,LAC,6,0,17.0,2.0,3.2,.632,0.0,0.0,,2.0,3.2,.632,.632,1.0,2.3,.429,1.3,4.2,5.5,1.0,0.7,0.2,0.8,1.0,5.0
Brandin Podziemski,SG,20,GSW,10,0,15.9,2.4,5.0,.480,1.0,2.2,.455,1.4,2.8,.500,.580,0.9,1.1,.818,0.8,3.1,3.9,2.2,0.3,0.0,1.2,1.8,6.7
Jakob Poeltl,C,28,TOR,14,14,25.4,5.0,7.1,.700,0.0,0.0,,5.0,7.1,.700,.700,0.9,1.9,.500,2.7,5.7,8.4,2.1,0.9,1.0,1.8,2.9,10.9
Aleksej Pokusevski,PF,22,OKC,5,0,6.2,0.4,1.6,.250,0.2,1.2,.167,0.2,0.4,.500,.313,0.2,0.4,.500,0.4,1.0,1.4,1.0,0.0,0.2,0.6,0.8,1.2
Jordan Poole,SG,24,WAS,13,13,29.2,6.2,15.5,.396,1.9,6.8,.284,4.2,8.8,.482,.458,2.4,2.8,.838,0.5,1.9,2.4,3.5,1.1,0.5,2.9,3.2,16.6
Craig Porter Jr.,PG,23,CLE,9,0,13.2,2.8,5.0,.556,0.0,0.1,.000,2.8,4.9,.568,.556,1.6,2.1,.737,0.3,1.9,2.2,2.7,0.7,0.3,0.8,1.2,7.1
Michael Porter Jr.,SF,25,DEN,14,14,30.6,6.4,13.9,.464,2.9,7.6,.377,3.6,6.3,.568,.567,0.9,1.2,.706,1.9,6.3,8.2,1.4,0.4,0.8,1.2,2.4,16.6
Otto Porter Jr.,SF,30,TOR,7,1,13.4,1.3,3.0,.429,0.9,2.0,.429,0.4,1.0,.429,.571,0.1,0.1,1.000,0.6,1.9,2.4,0.1,0.4,0.4,0.1,1.1,3.6
Bobby Portis,PF,28,MIL,14,0,23.3,5.2,10.3,.507,0.9,2.6,.324,4.4,7.6,.570,.549,1.8,2.4,.758,1.0,5.5,6.5,1.4,0.9,0.4,1.1,2.1,13.1
Kristaps Porziņģis,C,28,BOS,13,13,31.2,6.5,11.9,.548,1.6,4.8,.333,4.9,7.1,.696,.616,4.8,5.9,.818,1.5,5.4,6.9,1.9,0.6,1.9,1.2,3.3,19.5
Dwight Powell,C,32,DAL,13,1,16.5,1.6,2.2,.724,0.1,0.1,1.000,1.5,2.2,.714,.741,2.0,2.6,.765,1.6,2.2,3.8,1.4,0.4,0.6,0.4,1.8,5.3
Norman Powell,SG,30,LAC,12,0,25.3,4.4,9.0,.491,2.0,4.6,.436,2.4,4.4,.547,.602,2.3,2.9,.771,0.2,2.1,2.3,1.4,0.7,0.6,1.1,2.4,13.1
Taurean Prince,PF,29,LAL,13,13,29.8,3.1,8.1,.381,1.2,4.4,.263,1.9,3.7,.521,.452,0.9,1.2,.750,0.4,1.5,1.8,1.2,0.6,0.5,0.6,2.5,8.2
Payton Pritchard,PG,26,BOS,14,0,21.0,2.2,5.9,.373,1.1,3.5,.306,1.1,2.4,.471,.464,0.6,0.8,.727,1.3,2.1,3.4,3.3,0.4,0.0,0.6,1.4,6.1
Olivier-Maxence Prosper,PF,21,DAL,6,0,5.7,0.7,1.8,.364,0.2,1.0,.167,0.5,0.8,.600,.409,0.7,1.3,.500,0.3,1.2,1.5,0.2,0.0,0.0,0.0,0.5,2.2
Neemias Queta,C,24,BOS,1,0,5.0,0.0,1.0,.000,0.0,0.0,,0.0,1.0,.000,.000,0.0,0.0,,0.0,2.0,2.0,0.0,0.0,0.0,0.0,1.0,0.0
Immanuel Quickley,SG,24,NYK,14,0,24.7,5.3,11.9,.446,1.9,5.4,.347,3.4,6.5,.527,.524,3.0,3.4,.894,0.3,3.1,3.4,3.4,0.5,0.0,1.2,2.0,15.4
Lester Quinones,SG,23,GSW,2,0,4.5,1.0,3.0,.333,0.5,2.0,.250,0.5,1.0,.500,.417,0.0,0.0,,0.0,0.0,0.0,0.0,0.0,0.0,0.5,0.5,2.5
Julius Randle,PF,29,NYK,14,14,34.6,6.6,17.6,.378,1.7,6.2,.276,4.9,11.4,.434,.427,4.5,6.7,.670,2.1,7.9,10.0,5.3,0.9,0.1,3.1,2.8,19.5
Duop Reath,C,27,POR,6,0,13.0,2.5,6.8,.366,1.2,4.2,.280,1.3,2.7,.500,.451,0.7,0.7,1.000,0.8,1.0,1.8,1.2,0.3,0.2,0.7,1.7,6.8
Austin Reaves,SG,25,LAL,15,8,30.1,4.7,10.3,.458,1.4,4.0,.350,3.3,6.3,.526,.526,2.9,3.5,.827,1.0,4.1,5.1,4.9,1.1,0.1,2.5,1.1,13.7
Cam Reddish,SF,24,LAL,15,9,23.9,2.5,6.0,.422,1.0,2.9,.341,1.5,3.1,.500,.506,1.3,1.7,.800,0.5,2.1,2.5,1.1,1.7,0.3,0.6,1.5,7.4
Paul Reed,C,24,PHI,14,0,12.7,1.9,3.6,.540,0.1,0.4,.200,1.9,3.2,.578,.550,0.1,0.3,.500,1.6,2.6,4.3,0.9,0.4,0.5,0.6,1.9,4.1
Naz Reid,C,24,MIN,13,0,21.0,4.4,8.6,.509,1.8,4.4,.404,2.6,4.2,.618,.612,1.8,1.9,.960,0.8,3.0,3.8,0.7,0.6,0.4,1.1,1.5,12.4
Jared Rhoden,SG,24,DET,5,0,6.0,1.0,1.8,.556,0.2,0.8,.250,0.8,1.0,.800,.611,0.4,0.4,1.000,0.2,0.6,0.8,0.6,0.0,0.0,0.4,0.8,2.6
Nick Richards,C,26,CHO,11,0,17.5,3.0,3.8,.786,0.0,0.0,,3.0,3.8,.786,.786,2.5,3.1,.794,1.5,4.4,5.9,0.4,0.4,1.2,1.2,2.9,8.5
Josh Richardson,SG,30,MIA,11,1,25.5,2.9,7.5,.390,1.1,4.1,.267,1.8,3.4,.541,.463,0.7,0.8,.889,0.3,2.3,2.5,2.5,0.5,0.3,1.1,1.8,7.6
Duncan Robinson,SF,29,MIA,14,6,29.7,5.3,11.0,.481,3.2,7.4,.433,2.1,3.6,.580,.627,1.3,1.4,.900,0.3,2.4,2.7,2.7,0.4,0.1,0.9,2.2,15.1
Jerome Robinson,SG,26,GSW,1,0,5.0,0.0,2.0,.000,0.0,0.0,,0.0,2.0,.000,.000,0.0,0.0,,1.0,1.0,2.0,0.0,0.0,0.0,0.0,0.0,0.0
Mitchell Robinson,C,25,NYK,14,14,29.8,2.9,5.1,.577,0.0,0.0,,2.9,5.1,.577,.577,0.7,1.9,.385,6.1,5.5,11.6,0.5,1.4,1.2,0.7,1.9,6.6
Orlando Robinson,C,23,MIA,3,0,10.7,1.3,3.0,.444,0.3,0.3,1.000,1.0,2.7,.375,.500,0.7,0.7,1.000,0.7,2.0,2.7,2.3,0.3,0.3,1.0,1.7,3.7
Jeremiah Robinson-Earl,PF,23,NOP,7,1,14.0,1.9,3.6,.520,0.9,1.6,.545,1.0,2.0,.500,.640,0.9,0.9,1.000,1.1,2.0,3.1,0.7,0.3,0.0,0.9,1.3,5.4
David Roddy,PF,22,MEM,13,1,22.7,3.2,7.4,.427,0.6,2.8,.216,2.5,4.5,.559,.469,0.5,0.8,.636,1.1,2.5,3.6,1.0,0.6,0.5,0.8,1.8,7.5
Ryan Rollins,PG,21,WAS,8,0,6.1,1.1,2.3,.500,0.1,0.3,.500,1.0,2.0,.500,.528,1.6,2.0,.813,0.3,1.0,1.3,1.3,1.0,0.3,0.9,0.8,4.0
Derrick Rose,PG,35,MEM,5,0,17.0,3.0,8.2,.366,1.2,2.2,.545,1.8,6.0,.300,.439,1.0,1.4,.714,0.8,1.0,1.8,2.4,0.4,0.2,1.2,0.8,8.2
Terry Rozier,SG,29,CHO,5,5,35.8,8.4,18.0,.467,1.6,6.2,.258,6.8,11.8,.576,.511,3.6,4.4,.818,0.8,3.2,4.0,5.0,0.6,0.4,2.2,0.8,22.0
Rayan Rupert,SG,19,POR,6,0,4.2,0.2,1.7,.100,0.2,0.8,.200,0.0,0.8,.000,.150,0.3,0.7,.500,0.2,0.0,0.2,0.3,0.3,0.0,0.3,0.2,0.8
D'Angelo Russell,PG,27,LAL,15,15,31.7,6.5,13.6,.480,2.3,5.7,.395,4.3,7.9,.542,.564,2.2,2.9,.767,0.5,3.0,3.5,6.3,0.5,0.6,1.9,2.2,17.5
Matt Ryan,SF,26,NOP,13,1,22.9,2.9,6.4,.458,2.5,5.2,.471,0.5,1.2,.400,.651,1.0,1.1,.929,0.4,1.9,2.3,1.1,0.4,0.1,1.2,1.8,9.3
Domantas Sabonis,C,27,SAC,13,13,34.8,7.8,12.4,.627,0.5,1.2,.375,7.3,11.2,.655,.646,4.0,6.3,.634,3.7,9.0,12.7,7.2,0.8,0.8,3.5,3.5,20.0
Luka Šamanić,PF,24,UTA,6,0,4.3,0.8,2.2,.385,0.3,1.2,.286,0.5,1.0,.500,.462,0.2,0.2,1.000,0.0,1.2,1.2,0.3,0.2,0.0,0.2,0.3,2.2
Jermaine Samuels,SF,25,HOU,3,0,6.7,0.7,1.0,.667,0.0,0.3,.000,0.7,0.7,1.000,.667,0.7,0.7,1.000,0.3,0.7,1.0,0.0,0.0,0.3,0.0,1.0,2.0
Gui Santos,PF,21,GSW,1,0,4.0,1.0,3.0,.333,0.0,1.0,.000,1.0,2.0,.500,.333,0.0,0.0,,2.0,1.0,3.0,1.0,0.0,0.0,0.0,0.0,2.0
Dario Šarić,C,29,GSW,15,3,21.4,3.4,8.1,.418,1.5,4.3,.338,1.9,3.8,.509,.508,1.5,1.7,.880,1.7,4.7,6.3,2.0,0.5,0.4,0.9,2.2,9.7
Olivier Sarr,C,24,OKC,5,0,10.8,0.6,1.2,.500,0.4,0.6,.667,0.2,0.6,.333,.667,0.8,1.2,.667,0.8,3.2,4.0,0.2,0.0,1.0,0.4,2.0,2.4
Marcus Sasser,PG,23,DET,15,0,18.7,3.4,7.1,.481,1.3,3.5,.385,2.1,3.6,.574,.575,0.5,0.5,1.000,0.1,2.1,2.2,2.7,0.7,0.1,0.8,1.5,8.6
Admiral Schofield,PF,26,ORL,3,0,3.3,0.7,1.7,.400,0.3,1.3,.250,0.3,0.3,1.000,.500,0.0,0.7,.000,0.0,0.0,0.0,0.0,0.0,0.0,0.3,0.3,1.7
Dennis Schröder,PG,30,TOR,14,14,31.0,5.8,12.9,.448,1.9,5.0,.386,3.9,7.9,.486,.522,2.7,3.2,.844,0.6,2.3,2.9,6.9,0.9,0.1,1.8,1.6,16.2
Dereon Seabron,SG,23,NOP,5,0,10.4,0.8,2.6,.308,0.2,0.4,.500,0.6,2.2,.273,.346,1.0,1.2,.833,0.2,1.2,1.4,0.8,0.4,0.2,0.0,0.8,2.8
Alperen Şengün,C,21,HOU,12,12,32.0,8.9,15.2,.588,0.8,2.2,.346,8.2,13.0,.628,.613,2.3,3.8,.609,2.8,5.9,8.8,5.7,0.9,0.5,2.7,3.1,20.9
Brice Sensabaugh,SF,20,UTA,1,0,2.0,0.0,2.0,.000,0.0,0.0,,0.0,2.0,.000,.000,0.0,0.0,,1.0,1.0,2.0,0.0,0.0,0.0,0.0,0.0,0.0
Collin Sexton,SG,25,UTA,14,0,20.1,4.3,9.3,.462,1.1,3.1,.349,3.2,6.2,.517,.519,2.9,3.2,.889,0.9,1.8,2.6,3.1,0.3,0.3,1.8,1.7,12.5
Landry Shamet,SG,26,WAS,9,0,15.2,2.7,6.0,.444,1.3,4.0,.333,1.3,2.0,.667,.556,0.1,0.2,.500,0.1,1.3,1.4,1.3,0.6,0.1,0.4,1.7,6.8
Day'Ron Sharpe,C,22,BRK,13,0,14.5,2.6,4.7,.557,0.0,0.2,.000,2.6,4.5,.576,.557,1.4,2.2,.643,2.5,4.2,6.6,0.5,0.3,0.6,1.3,1.9,6.6
Shaedon Sharpe,SG,20,POR,14,13,36.9,5.7,14.5,.394,1.9,5.9,.317,3.9,8.6,.446,.458,3.9,4.6,.831,1.8,3.6,5.4,3.0,0.9,0.5,3.4,2.9,17.1
Ben Sheppard,SG,22,IND,5,0,10.6,1.8,4.4,.409,1.0,3.0,.333,0.8,1.4,.571,.523,0.4,0.4,1.000,0.2,0.8,1.0,1.0,0.2,0.0,0.2,0.8,5.0
Pascal Siakam,PF,29,TOR,14,14,33.4,7.6,15.4,.493,0.9,3.9,.236,6.6,11.4,.581,.523,3.1,4.4,.705,1.3,5.5,6.8,5.1,0.8,0.1,2.6,2.4,19.1
Ben Simmons,PG,27,BRK,6,6,31.8,3.2,6.0,.528,0.0,0.0,,3.2,6.0,.528,.528,0.2,0.7,.250,2.7,8.2,10.8,6.7,0.5,0.8,2.5,2.7,6.5
Anfernee Simons,SG,24,POR,1,1,27.0,6.0,14.0,.429,2.0,6.0,.333,4.0,8.0,.500,.500,4.0,4.0,1.000,1.0,1.0,2.0,4.0,2.0,0.0,0.0,2.0,18.0
Jericho Sims,C,25,NYK,7,0,3.0,0.3,0.4,.667,0.0,0.0,,0.3,0.4,.667,.667,0.1,0.4,.333,0.1,1.3,1.4,0.1,0.0,0.0,0.0,0.1,0.7
Jalen Slawson,SF,24,SAC,3,0,5.3,0.7,1.0,.667,0.0,0.3,.000,0.7,0.7,1.000,.667,0.0,0.0,,0.0,1.3,1.3,0.7,0.0,0.3,0.3,0.3,1.3
Marcus Smart,PG,29,MEM,11,11,29.9,4.6,10.8,.429,1.6,5.5,.295,3.0,5.3,.569,.504,1.5,1.9,.810,0.3,2.2,2.5,5.0,2.0,0.4,3.4,3.2,12.5
Dennis Smith Jr.,PG,26,BRK,11,0,17.0,2.3,5.7,.397,0.6,1.7,.368,1.6,4.0,.409,.452,0.6,0.7,.875,0.7,1.5,2.3,3.2,0.6,0.2,1.0,2.3,5.8
Dru Smith,SG,26,MIA,8,0,16.3,1.9,4.1,.455,0.9,2.1,.412,1.0,2.0,.500,.561,0.3,0.3,1.000,0.8,1.0,1.8,1.8,1.1,0.4,0.6,1.4,4.9
Ish Smith,PG,35,CHO,7,0,15.7,1.9,3.4,.542,0.1,0.3,.500,1.7,3.1,.545,.563,0.0,0.0,,0.3,1.9,2.1,2.0,0.4,0.1,1.1,0.9,3.9
Jabari Smith Jr.,PF,20,HOU,12,12,29.2,5.1,10.6,.480,1.7,4.9,.339,3.4,5.7,.603,.559,0.8,1.1,.692,1.6,5.4,7.0,1.3,0.7,0.6,1.3,3.6,12.6
Jalen Smith,C,23,IND,11,0,14.9,4.1,5.6,.726,1.0,1.5,.688,3.1,4.2,.739,.815,1.3,1.9,.667,1.7,3.8,5.5,1.0,0.4,0.3,1.1,2.3,10.5
Nick Smith Jr.,SG,19,CHO,5,0,7.4,1.0,3.2,.313,0.6,1.4,.429,0.4,1.8,.222,.406,0.0,0.0,,0.2,0.6,0.8,0.4,0.2,0.2,0.4,0.4,2.6
Jeremy Sochan,PG,20,SAS,14,14,28.7,4.1,9.6,.430,0.7,1.9,.370,3.4,7.7,.444,.467,1.4,1.9,.741,1.4,4.1,5.6,4.3,0.9,0.3,2.4,3.1,10.4
Jaden Springer,SG,21,PHI,10,0,11.9,1.3,3.3,.394,0.3,1.0,.300,1.0,2.3,.435,.439,0.6,0.8,.750,1.0,0.9,1.9,0.9,0.4,0.6,1.0,1.7,3.5
Lamar Stevens,PF,26,BOS,4,0,5.0,1.0,1.8,.571,0.3,0.3,1.000,0.8,1.5,.500,.643,0.0,0.0,,1.0,0.5,1.5,0.5,0.3,0.0,0.8,1.0,2.3
Isaiah Stewart,PF,22,DET,15,15,32.1,4.4,9.5,.465,1.6,3.9,.414,2.8,5.6,.500,.549,1.5,1.9,.759,1.9,5.5,7.5,1.5,0.1,0.8,1.9,2.7,11.9
Julian Strawther,SF,21,DEN,11,0,11.2,1.8,4.6,.392,0.9,3.1,.294,0.9,1.5,.588,.490,0.4,0.5,.667,0.0,1.0,1.0,0.7,0.2,0.3,0.1,1.3,4.9
Max Strus,SF,27,CLE,14,14,35.8,5.2,12.0,.435,2.9,7.9,.373,2.3,4.1,.552,.557,1.4,1.6,.826,0.8,5.0,5.8,3.9,1.0,0.6,1.6,2.6,14.7
Jalen Suggs,SG,22,ORL,13,13,26.5,4.2,9.9,.426,1.5,4.4,.351,2.7,5.5,.486,.504,2.8,3.4,.841,0.9,3.0,3.9,2.8,2.1,0.5,1.9,2.7,12.8
Cole Swider,SF,24,MIA,1,0,2.0,2.0,3.0,.667,1.0,2.0,.500,1.0,1.0,1.000,.833,0.0,0.0,,0.0,1.0,1.0,0.0,0.0,0.0,0.0,0.0,5.0
Jae'Sean Tate,SF,28,HOU,12,0,19.1,2.7,5.1,.525,0.9,2.2,.423,1.8,2.9,.600,.615,0.4,0.6,.714,1.2,2.5,3.7,1.2,1.3,0.3,0.3,2.7,6.7
Jayson Tatum,PF,25,BOS,14,14,36.9,10.1,20.0,.507,3.4,8.9,.384,6.7,11.1,.606,.593,4.5,5.6,.797,0.8,8.2,9.0,4.1,1.1,0.4,3.1,2.3,28.2
Terry Taylor,PF,24,CHI,4,0,2.3,0.3,0.3,1.000,0.0,0.0,,0.3,0.3,1.000,1.000,0.0,0.0,,0.0,0.3,0.3,0.0,0.0,0.0,0.0,0.0,0.5
Garrett Temple,SG,37,TOR,5,0,3.2,0.8,1.0,.800,0.2,0.2,1.000,0.6,0.8,.750,.900,0.4,0.4,1.000,0.0,0.4,0.4,0.4,0.2,0.0,0.0,0.0,2.2
Dalen Terry,SG,21,CHI,4,0,2.8,0.8,2.0,.375,0.3,1.0,.250,0.5,1.0,.500,.438,0.0,0.5,.000,0.0,1.0,1.0,0.8,0.0,0.0,0.3,0.3,1.8
Daniel Theis,C,31,TOT,3,0,13.3,3.3,5.7,.588,0.3,1.0,.333,3.0,4.7,.643,.618,0.7,1.3,.500,1.0,2.3,3.3,0.7,0.7,0.0,0.3,2.3,7.7
Daniel Theis,C,31,IND,1,0,8.0,1.0,4.0,.250,0.0,1.0,.000,1.0,3.0,.333,.250,0.0,0.0,,0.0,0.0,0.0,0.0,0.0,0.0,0.0,1.0,2.0
Daniel Theis,C,31,LAC,2,0,16.0,4.5,6.5,.692,0.5,1.0,.500,4.0,5.5,.727,.731,1.0,2.0,.500,1.5,3.5,5.0,1.0,1.0,0.0,0.5,3.0,10.5
Cam Thomas,SG,22,BRK,8,7,32.4,9.9,20.6,.479,2.1,6.6,.321,7.8,14.0,.554,.530,5.0,5.9,.851,0.3,3.5,3.8,2.1,0.9,0.6,1.3,1.9,26.9
Amen Thompson,SF,21,HOU,4,0,16.8,2.3,5.5,.409,0.5,2.8,.182,1.8,2.8,.636,.455,1.3,2.0,.625,0.3,2.5,2.8,1.5,0.5,0.3,1.5,2.3,6.3
Ausar Thompson,SF,21,DET,15,15,30.5,4.5,10.3,.439,0.3,1.9,.138,4.3,8.4,.508,.452,2.0,2.9,.698,3.7,6.3,10.1,3.2,1.1,1.7,2.4,3.7,11.3
Klay Thompson,SF,33,GSW,14,14,29.3,5.2,12.9,.403,2.5,7.3,.343,2.7,5.6,.481,.500,1.5,1.7,.875,0.5,2.8,3.3,2.1,0.4,0.5,1.9,2.2,14.4
Tristan Thompson,PF,32,CLE,12,0,9.1,0.9,1.3,.688,0.0,0.0,,0.9,1.3,.688,.688,0.4,0.9,.455,0.8,1.5,2.3,0.6,0.2,0.3,0.5,1.0,2.3
JT Thor,PF,21,CHO,13,1,16.8,1.6,3.8,.420,0.7,1.9,.360,0.9,1.9,.480,.510,0.0,0.3,.000,1.0,2.2,3.2,0.7,0.3,0.4,0.2,1.3,3.9
Matisse Thybulle,SF,26,POR,14,9,20.6,2.1,4.4,.492,1.4,3.5,.388,0.8,0.9,.917,.648,0.3,0.4,.800,0.3,1.4,1.6,1.1,1.2,0.6,0.5,1.0,5.9
Xavier Tillman Sr.,C,25,MEM,7,5,25.9,3.9,9.1,.422,1.0,2.9,.350,2.9,6.3,.455,.477,0.6,1.3,.444,2.0,4.7,6.7,2.4,1.6,0.9,1.4,2.9,9.3
Obi Toppin,PF,25,IND,13,12,23.1,4.8,8.1,.590,0.7,2.7,.257,4.1,5.4,.757,.633,1.2,1.5,.842,0.9,2.2,3.2,1.1,0.8,0.3,0.7,1.8,11.5
Karl-Anthony Towns,PF,28,MIN,13,13,33.5,7.9,16.0,.495,2.0,5.4,.371,5.9,10.6,.558,.558,3.7,4.1,.906,1.0,7.7,8.7,2.9,1.0,0.8,2.4,3.2,21.5
Gary Trent Jr.,SG,25,TOR,11,2,26.8,3.8,10.1,.378,1.9,5.1,.375,1.9,5.0,.382,.473,1.2,2.1,.565,0.4,1.7,2.1,1.1,0.9,0.2,0.7,1.1,10.7
P.J. Tucker,PF,38,TOT,11,3,17.3,0.5,1.5,.353,0.5,1.3,.357,0.1,0.3,.333,.500,0.3,0.3,1.000,1.2,2.4,3.5,0.4,0.5,0.3,0.3,2.4,1.8
P.J. Tucker,PF,38,PHI,3,3,22.0,0.7,1.7,.400,0.7,1.7,.400,0.0,0.0,,.600,0.0,0.0,,0.3,4.3,4.7,0.0,1.0,0.7,0.7,3.0,2.0
P.J. Tucker,PF,38,LAC,8,0,15.5,0.5,1.5,.333,0.4,1.1,.333,0.1,0.4,.333,.458,0.4,0.4,1.000,1.5,1.6,3.1,0.5,0.4,0.1,0.1,2.1,1.8
Myles Turner,C,27,IND,13,13,26.2,5.8,11.6,.503,1.6,4.5,.362,4.2,7.2,.591,.573,3.5,4.5,.776,1.5,5.8,7.3,1.5,0.5,2.0,1.5,3.4,16.8
Hunter Tyson,PF,23,DEN,5,0,2.8,0.2,0.8,.250,0.0,0.6,.000,0.2,0.2,1.000,.250,0.0,0.0,,0.0,0.6,0.6,0.2,0.0,0.0,0.0,0.8,0.4
Stanley Umude,SG,24,DET,11,0,11.2,1.6,3.0,.545,1.1,1.9,.571,0.5,1.1,.500,.727,1.7,1.9,.905,0.1,1.7,1.8,0.5,0.2,0.3,0.5,1.3,6.1
Jonas Valančiūnas,C,31,NOP,14,14,25.1,5.3,9.8,.540,0.8,2.1,.379,4.5,7.7,.583,.580,2.0,2.4,.848,1.9,6.8,8.7,2.5,0.4,1.7,1.4,2.9,13.4
Fred VanVleet,PG,29,HOU,12,12,37.1,5.7,14.9,.380,3.1,8.6,.359,2.6,6.3,.408,.483,2.2,2.4,.897,0.3,3.5,3.8,9.3,0.6,0.3,1.7,1.8,16.6
Devin Vassell,SG,23,SAS,9,8,28.9,6.2,12.6,.496,2.4,5.7,.431,3.8,6.9,.548,.593,2.4,3.3,.733,0.4,3.1,3.6,2.8,1.0,0.1,1.3,0.9,17.3
Sasha Vezenkov,PF,28,SAC,11,0,14.0,2.3,5.1,.446,1.2,3.4,.351,1.1,1.7,.632,.563,0.3,0.3,1.000,0.2,1.7,1.9,0.3,0.5,0.3,0.2,1.4,6.0
Gabe Vincent,PG,27,LAL,4,0,28.3,2.8,7.0,.393,0.3,3.5,.071,2.5,3.5,.714,.411,0.3,0.5,.500,0.5,0.5,1.0,3.0,1.5,0.0,0.5,2.5,6.0
Nikola Vučević,C,33,CHI,15,15,34.2,7.3,15.7,.464,0.9,3.5,.245,6.4,12.1,.527,.491,1.5,1.9,.821,2.8,7.5,10.3,2.9,0.8,0.6,1.9,3.0,16.9
Dean Wade,PF,27,CLE,13,7,20.3,1.0,3.1,.325,0.9,2.9,.316,0.1,0.2,.500,.475,0.2,0.3,.500,0.9,3.2,4.1,0.8,0.8,0.2,0.4,2.2,3.1
Franz Wagner,SF,22,ORL,14,14,32.6,6.9,16.5,.420,1.6,5.4,.289,5.4,11.1,.484,.468,3.0,3.6,.840,1.2,4.3,5.5,3.0,1.3,0.2,1.8,2.2,18.4
Moritz Wagner,C,26,ORL,14,0,19.3,4.6,7.3,.627,0.6,1.6,.364,4.0,5.7,.700,.667,1.9,2.4,.818,1.5,2.9,4.4,1.3,0.5,0.4,1.2,2.6,11.6
Ish Wainright,SF,29,POR,2,0,2.5,0.0,0.5,.000,0.0,0.5,.000,0.0,0.0,,.000,0.0,0.0,,0.0,0.0,0.0,0.0,0.5,0.0,0.0,0.5,0.0
Jabari Walker,SF,21,POR,14,0,15.9,2.6,5.8,.457,0.6,2.1,.276,2.1,3.7,.558,.506,1.2,1.6,.739,1.2,2.9,4.1,0.6,0.8,0.6,0.9,2.1,7.1
Jarace Walker,PF,20,IND,4,0,10.3,1.8,4.5,.389,0.0,1.3,.000,1.8,3.3,.538,.389,0.8,0.8,1.000,0.3,1.8,2.0,1.5,0.5,0.5,0.3,1.0,4.3
Lonnie Walker IV,SG,25,BRK,12,0,22.5,6.1,11.9,.510,2.6,5.7,.456,3.5,6.3,.560,.619,1.8,2.3,.786,0.2,3.0,3.2,2.0,0.7,0.4,1.3,1.0,16.6
Cason Wallace,SG,20,OKC,14,2,22.9,2.9,4.6,.625,0.9,1.7,.542,1.9,2.9,.675,.727,0.6,0.6,1.000,0.5,1.8,2.3,1.7,0.6,0.4,0.6,1.8,7.3
P.J. Washington,PF,25,CHO,13,12,32.2,5.9,13.0,.456,1.7,5.5,.310,4.2,7.5,.561,.521,1.3,1.8,.739,1.0,4.0,5.0,1.9,0.5,0.7,1.5,2.7,14.8
TyTy Washington Jr.,PG,22,MIL,2,0,3.0,0.5,1.5,.333,0.5,1.0,.500,0.0,0.5,.000,.500,0.0,0.0,,0.0,0.5,0.5,0.0,0.5,0.0,1.0,0.0,1.5
Yuta Watanabe,SF,29,PHO,12,0,18.6,1.8,4.6,.382,1.3,3.6,.372,0.4,1.0,.417,.527,0.5,0.6,.857,0.6,2.1,2.7,0.7,0.3,0.3,0.8,1.8,5.3
Lindy Waters III,SG,26,OKC,6,0,7.5,1.0,2.2,.462,1.0,2.2,.462,0.0,0.0,,.692,0.0,0.0,,0.0,0.5,0.5,0.5,0.0,0.0,0.0,0.2,3.0
Trendon Watford,PF,23,BRK,7,0,15.1,2.7,5.4,.500,0.3,1.0,.286,2.4,4.4,.548,.526,1.1,1.1,1.000,1.4,2.4,3.9,2.4,0.7,0.3,1.1,2.1,6.9
Peyton Watson,SF,21,DEN,13,0,14.2,1.9,3.5,.543,0.3,1.1,.286,1.6,2.5,.656,.587,0.5,0.8,.600,0.4,1.4,1.8,0.8,0.5,1.0,0.7,1.3,4.6
Victor Wembanyama,PF,20,SAS,14,14,29.9,7.0,16.5,.424,1.5,5.6,.269,5.5,10.9,.503,.470,3.1,3.9,.782,2.0,7.1,9.1,2.5,1.0,2.6,3.6,2.6,18.6
Blake Wesley,SG,20,SAS,4,0,5.3,0.8,2.0,.375,0.0,0.3,.000,0.8,1.8,.429,.375,0.3,0.5,.500,0.3,0.3,0.5,0.8,0.0,0.3,0.3,0.8,1.8
Russell Westbrook,PG,35,LAC,12,10,29.2,5.5,12.4,.443,1.0,3.3,.308,4.5,9.2,.491,.483,1.2,2.1,.560,1.3,5.0,6.3,5.4,1.8,0.3,2.9,2.6,13.2
Coby White,PG,23,CHI,15,15,31.6,4.5,11.3,.396,1.9,5.9,.326,2.5,5.3,.475,.482,1.3,1.6,.792,0.3,2.6,2.9,4.1,1.1,0.3,1.8,2.7,12.1
Derrick White,SG,29,BOS,11,11,31.3,4.5,9.5,.467,2.4,5.6,.419,2.1,3.9,.535,.590,2.4,2.8,.839,0.7,2.9,3.6,4.5,0.8,0.9,1.4,2.1,13.6
Cam Whitmore,SF,19,HOU,3,0,7.7,1.0,3.0,.333,0.0,1.0,.000,1.0,2.0,.500,.333,0.3,0.7,.500,0.0,1.0,1.0,0.3,0.3,0.0,0.7,0.3,2.3
Aaron Wiggins,SG,25,OKC,12,0,10.8,1.7,3.1,.541,0.4,1.2,.357,1.3,1.9,.652,.608,0.6,0.8,.778,0.3,1.4,1.8,0.7,0.5,0.1,0.7,0.8,4.3
Andrew Wiggins,SF,28,GSW,15,15,26.9,4.8,11.4,.421,0.8,3.2,.250,4.0,8.2,.488,.456,1.6,2.9,.545,2.1,2.0,4.1,1.1,0.4,0.4,1.6,2.5,12.0
Lindell Wigginton,PG,25,MIL,1,0,2.0,0.0,1.0,.000,0.0,1.0,.000,0.0,0.0,,.000,0.0,0.0,,0.0,0.0,0.0,0.0,0.0,0.0,1.0,1.0,0.0
Grant Williams,PF,25,DAL,14,14,28.9,3.8,8.0,.473,2.6,5.6,.468,1.1,2.4,.485,.638,0.9,1.5,.571,1.1,2.6,3.6,1.6,0.3,0.6,0.9,2.3,11.1
Jalen Williams,PF,22,OKC,13,13,33.2,6.5,12.6,.518,1.1,2.9,.368,5.5,9.7,.563,.561,3.4,3.8,.880,0.2,3.8,4.1,3.6,0.8,0.2,2.2,3.0,17.5
Jaylin Williams,C,21,OKC,9,0,12.8,1.4,3.4,.419,0.4,1.9,.235,1.0,1.6,.643,.484,0.6,0.7,.833,0.6,3.2,3.8,1.4,0.6,0.2,0.4,1.8,3.9
Jeenathan Williams,SG,24,HOU,2,0,6.5,2.0,3.5,.571,0.0,1.0,.000,2.0,2.5,.800,.571,0.5,1.0,.500,0.0,0.0,0.0,0.5,0.5,0.0,0.0,0.0,4.5
Kenrich Williams,PF,29,OKC,4,0,15.8,2.0,3.8,.533,0.5,1.3,.400,1.5,2.5,.600,.600,0.3,0.5,.500,0.8,1.8,2.5,2.3,0.3,0.0,0.3,2.5,4.8
Mark Williams,C,22,CHO,13,13,26.6,5.6,8.0,.702,0.0,0.0,,5.6,8.0,.702,.702,2.6,3.7,.708,4.2,5.8,10.0,1.5,0.9,0.8,1.1,2.3,13.8
Patrick Williams,PF,22,CHI,15,6,22.1,2.0,6.1,.330,0.7,2.8,.262,1.3,3.3,.388,.390,1.1,1.3,.800,0.7,2.8,3.5,1.2,1.0,0.9,1.1,1.5,5.8
Robert Williams,C,26,POR,6,0,19.8,2.8,4.3,.654,0.0,0.0,,2.8,4.3,.654,.654,1.2,1.5,.778,1.8,4.5,6.3,0.8,1.2,1.2,1.2,2.8,6.8
Vince Williams Jr.,SG,23,MEM,5,0,9.6,0.8,2.4,.333,0.6,2.0,.300,0.2,0.4,.500,.458,1.4,1.6,.875,0.0,1.0,1.0,0.8,0.2,1.0,0.4,1.2,3.6
Ziaire Williams,SF,22,MEM,12,8,25.4,3.1,8.7,.356,1.3,4.3,.288,1.8,4.3,.423,.428,1.4,1.6,.895,0.8,4.6,5.4,1.7,0.5,0.4,1.4,2.1,8.8
Zion Williamson,PF,23,NOP,11,11,31.0,9.0,16.5,.544,0.1,0.2,.500,8.9,16.4,.544,.547,4.1,7.0,.584,2.4,3.6,6.0,4.5,1.0,0.4,2.7,2.7,22.2
Jalen Wilson,PF,23,BRK,2,0,3.5,0.0,0.5,.000,0.0,0.0,,0.0,0.5,.000,.000,0.0,0.0,,0.0,0.5,0.5,0.0,0.0,0.5,0.0,0.0,0.0
Dylan Windler,SF,27,NYK,3,0,2.3,0.3,0.7,.500,0.3,0.7,.500,0.0,0.0,,.750,0.0,0.0,,0.0,0.3,0.3,0.3,0.0,0.0,0.0,0.3,1.0
James Wiseman,C,22,DET,8,0,11.3,2.4,3.9,.613,0.0,0.1,.000,2.4,3.8,.633,.613,0.5,0.9,.571,0.8,2.1,2.9,0.4,0.1,0.4,0.8,2.0,5.3
Christian Wood,PF,28,LAL,15,1,21.0,2.5,5.5,.463,0.8,2.5,.316,1.7,2.9,.591,.537,1.3,1.9,.655,1.1,5.1,6.2,0.9,0.2,0.6,1.3,2.1,7.1
Delon Wright,PG,31,WAS,8,0,17.6,1.4,3.8,.367,0.5,1.4,.364,0.9,2.4,.368,.433,1.8,2.0,.875,0.4,2.1,2.5,4.4,1.6,0.1,0.5,0.8,5.0
Thaddeus Young,PF,35,TOR,3,0,3.3,0.7,1.3,.500,0.0,0.0,,0.7,1.3,.500,.500,0.0,0.7,.000,0.3,0.7,1.0,1.0,0.0,0.0,0.3,0.0,1.3
Trae Young,PG,25,ATL,12,12,36.0,6.8,17.6,.389,2.3,7.2,.314,4.6,10.4,.440,.453,8.7,9.7,.897,0.6,1.9,2.5,10.8,1.7,0.0,4.0,1.6,24.6
Omer Yurtseven,C,25,UTA,8,0,6.1,1.9,2.6,.714,0.1,0.5,.250,1.8,2.1,.824,.738,0.4,0.6,.600,0.9,1.3,2.1,0.5,0.0,0.1,0.1,0.9,4.3
Cody Zeller,C,31,NOP,11,0,8.3,0.6,1.9,.333,0.0,0.1,.000,0.6,1.8,.350,.333,0.5,1.3,.357,1.2,2.2,3.4,0.9,0.2,0.1,0.4,0.9,1.7
Ivica Zubac,C,26,LAC,12,12,25.7,4.2,7.1,.588,0.0,0.0,,4.2,7.1,.588,.588,1.9,3.1,.622,2.9,5.6,8.5,0.8,0.2,1.6,1.3,2.9,10.3
